,,277,47,85,250,130,當季精選,Specialty,青仁黑豆茶, Black Bean,-,-,,,,,,,
 ,進貨價/KG,生豆價/166G,親友,試算,,國家/區域,,產區/品名,,處理法,,等級,風味,ExtraInfo1,ExtraInfo2,,,
,200,34,60,,,巴西,Brazil,喜拉朵,,日曬,Natural,TOP,,,,,,
,260,44,75,,,巴西,Brazil,班尼迪克農場,Rancho Sao Benedito Farm,水洗,Washed,,牛奶巧克力、榛果、檸檬清新、桑葚、明亮香甜、口感滑順。,,,,,
,324,54,90,,,巴拿馬,Panama,波奎特 凱薩路易斯,Boquete Casa Ruiz,水洗,Washed,SHB,堅果、開心果、焦糖、烤焙的木質芳香、低酸紮實。,,,,,
,374,63,105,,,尼加拉瓜 ,Nicaragua,洛斯剛果莊園 帕卡瑪拉種,Los Congos Pacamara,水洗,Washed,SHB,多汁 乾淨 撲鼻強烈香甜感 蔗糖 櫻桃的口味,,,,,
,210,43,80,,,印尼 蘇門答臘,Indonesia Sumatra ,綠寶石曼特寧,Mandheling GAYO ,半水洗,Giling Basah,G1,奶油、藥草、雪松、香料、黑巧克力，紅酒及水果風味、糖漿醇順、焦糖杏仁尾韻。,,,,,
,334,56,95,,,印尼 蘇門答臘,Indonesia Sumatra ,藍湖曼特寧,Mandheling Blue Batak,半水洗,Giling Basah,G1,甜藥草肉桂類香料 橙柚類果皮氣息 醇厚濃郁甜感 奶油核桃巧克力。,,,,,
,380,64,105,,,印尼 蘇門答臘,Indonesia Sumatra ,林東區  超級黃金曼特寧 ,Lintong Golden Supermax,半水洗,Giling Basah,SC20+ TP,核果奶油焦糖、溫和香料、杏核、黑巧克力、口感厚實、回甘度強。,,CoffeeReview 93分,,,
,270,45,80,,,衣索比亞,Ethiopia ,吉馬摩卡,Mocca Dijjmah,日曬,Natural,Spe (G5),隱隱的葡萄酒香，不偏酸，口感較重，並有些微巧克力的味道。,,,,,
,314,53,90,,,衣索比亞,Ethiopia ,班其馬吉 藝伎莊園,Bench Maji Gesha Estate,日曬,Natural,G3,蜜桃杏桃甜香、哈蜜瓜、木瓜芒果等熱帶水果、花香蜜香、紅酒酸質、茶香融合香料甜,,,,,
,360,60,100,,,衣索比亞,Ethiopia ,西達摩 西爾莎合作社 , Shilcho Coop G1,水洗,Washed,G1,強烈的檸檬、萊姆與柑橘香氣、甜度紮實、重量感飽滿、翡翠檸檬茶風味。,【紅櫻桃計劃】,CoffeeReview 94分,,,
,250,42,75,,,衣索比亞,Ethiopia ,西達摩 阿杜莉納,Sidamo Adulina,日曬,Natural,Spe (G4),明顯莓果、藍莓風味、日曬的厚實、高甜度口感,,,,,
,360,60,100,,,衣索比亞,Ethiopia ,西達摩 谷吉,Sidamo Guji,日曬,Natural,G1,藍莓的香氣裡帶有檸檬香、層次口味，帶有巧克力及紅酒味,,CoffeeReview 92分,,,
,310,52,90,,,衣索比亞 耶加雪啡,Ethiopia Yirgacheffe,科契爾  海爾賽拉西,Kochere Haileselassie,日曬,Natural,G1,經典日曬風格、熟果味濃郁、 蜜桃與混合漿果、可可、些許菸草。,,CoffeeReview 93分,,,
,430,72,115,,,衣索比亞 耶加雪啡,Ethiopia Yirgacheffe,沃卡合作社 潔蒂普,Worka Gedeb,水洗,Washed,G1,花香、茉莉氣息、檸檬與香吉士鮮明酸質濃郁、糖漬柑橘橙果類甜感、乾淨均衡感佳、大吉嶺紅茶尾韻,,,,,
,435,73,120,,,衣索比亞 耶加雪啡,Ethiopia Yirgacheffe,沃特孔加 皇家特選,Wote Konga Royal ,日曬,Natural,G1,花香、甜瓜、草莓餅乾、藍莓、莓果香甜濃郁、伯爵茶尾韻、可可、質地柔順、口感乾淨平衡,,,,,
,520,87,125,,,衣索比亞 耶加雪啡,Ethiopia Yirgacheffe,金蕾納安芭雅,Gelena Abaya,日曬,Natural,G1,花香 藍莓 草莓等豐富莓果香甜 糖蜜 乳脂滑順 果酸線條乾淨細膩,Sweet Maria's 甜瑪莉特選,CoffeeReview 94分,,,
,380,64,105,,,衣索比亞 耶加雪啡,Ethiopia Yirgacheffe,柯契爾雪冽圖處理廠,Kochere Chelektu,水洗,Washed,G1,上揚的茉莉花香與檸檬氣息、佛手柑、蜂蜜香甜、葡萄柚調性果酸精緻口感明亮。,,Sweet Maria's 93.9分,,,
,356,60,95,,,肯亞,Kenya,桑格西處理廠,Thangathi,水洗,Washed,PB,主調為烏梅、黑醋栗、白葡萄汁，帶出可可、葡萄乾、檸檬水，甜感細緻、酸質厚實。,,,,,
,334,56,95,,,玻利維亞,Bolivia,艾索 神之愛處理廠,ASOCAFE Coop,水洗,Washed,SHB,可可調、堅果、甜香料、青草香、酸甜感平衡、口感滑順。,,,,,
,200,34,60,,,哥倫比亞,Colombia,美德林,Medellin Supremo,水洗,Washed,Sc 17/18,黑巧克力牛奶香，些微的果酸味、微焦糖的甜味。,,,,,
,220,37,70,,,哥斯大黎加,Costa Rica,塔拉珠  聖塔莫妮卡莊園,Tarrazu Santa Monica,水洗,Washed,SHB,青蘋果酸甜、核果、焦糖、炒杏仁、奶油玉米、香草、香料、香甜平順。,, Coffee Review 91分,,,
,334,56,95,,,哥斯大黎加,Costa Rica,塔拉珠 牧童莊園,La Pastora,水洗,Washed,SHB,乾淨清亮的酸度、清草、炒杏仁、奶油玉米、棗與焦糖，水果香氣回甘風味獨特與清爽後韻的咖扉。,,,,,
,333,56,85,,,盧安達 , Rwanda,雪芮 ,Shara Nyamasheke,半水洗,Semi-washed,FW 15+ ,莓果、樹莓、檸檬香氣，紅醋栗韻味，奶油香,,SCAA 86.97分,,,
,362,61,100,,,哥倫比亞,Colombia , Kogui 雪峰, Kogui Snow Cap,水洗,Washed,Specialty ,熟甜、花香、蜜甜、太妃糖、薄荷、柑橘香、糖蜜、麥茶、烏龍茶、葡萄柚酸、烏梅,Typica,,,,
,362,61,100,,,衣索比亞 耶加雪啡,Ethiopia Yirgacheffe,阿杜莉那 科契爾,Kochere Adulina,水洗,Washed,G1,茉莉花香、檸檬、茶感 、蘋果酸、柑橘酸香、飽滿厚實。,Heirloom ,,,,
,372,62,105,,,衣索比亞,Ethiopia ,阿杜莉納 哈拉摩卡,Harra Mocha Adulina,日曬,Natural,G4,日曬果香味，柑橘甜香、藍莓酸香、肉桂，香氣龐雜。 酒酸,質感厚重,,,,,,
,202,34,60,,,瓜地馬拉,Guatemala ,薇薇特南果EP,Huehuetenango EP,水洗,Washed,SHB,果香，甜桃、草莓、柳橙、柑橘等果類,,,,,
,272,46,80,,,瓜地馬拉,Guatemala ,科班 狄亞曼特 , Los Diamantes Highland ,水洗,Washed,SHB,鮮明微妙的酸味，淡葡萄酒香，巧克力、 焦糖、多層次水果甜。,Caturra, Catuai,,,,
'圓石' April, 2014,385,65,110,,,肯亞 ,Kenya,凱莉米庫,Karimikui,水洗,Washed, AB TOP,柑橘，漿果和黑醋栗香氣，榛子，番石榴，李子，柚子充滿活力的酸度，含有圓潤的蜂蜜甜味,Sweet Maria’ s 90 分,Coffee Review 95 分,產區  Kirinyaga，Githure  村,海拔  1,900  公尺,品種  SL28, K7
'圓石' April, 2014,345,58,95,,,巴拿馬,Panama,哈特曼莊園 ,Finca Hartmann,水洗,Washed,,Vibrant toffee and hazelnut aroma, soft floral and berries note, medium green apple-like acidity with creamy big body, nice sweetness, long aftertaste,品種 Caturra,Typica,產區  Chiriqui,海拔  1,260 – 1,500 公尺,鳥類友善、林蔭栽培,
'圓石' April, 2014,370,62,105,,,瓜地馬拉,Guatemala,番石榴平原莊園  帕卡瑪拉種,Plan Del Guayabo Estate Pacamara,蜜處理,Honey,,Chocolate and honey in aroma, mild fruit, balanced, tropical fruit-like acidity, soft florals, milk chocolate, toffee sweetness, medium body,產區  Chiriqui,海拔  1,650 – 1,700 公尺,,,
'圓石' April, 2014,335,56,95,,,盧安達,Rwanda,穆瓦莎處理廠,Nyamasheke Mwasa Station,水洗,Washed,,Rich stone fruit, sugary, blood orange, crisp acidity, juicy.,Bourbon、Typica,,,,
'圓石' April, 2014,215,36,65,,,巴西,Brazil,伯利恆農場  小農批次,azenda Belem,日曬,Natural,, 柑橘..乾淨清爽果香氣..帶點苺果氣息,,,,,
'圓石' April, 2014,265,45,75,,,衣索比亞,Ethiopia ,西達莫  AMB,Sidamo AMB,水洗,Washed,G2,,,,,,
艾卡 May, 2014,410,69,120,,,衣索比亞, Ethiopia ,利姆 尼古斯內瑪, Limu Nigusie Lemma,,Natural, G3,複雜的香衫味、輕柔的柑橘、李子、糖水、淡淡的酒香氣。,,,,,
艾卡 May, 2014,290,49,85,,,哥斯大黎加,Costa Rica,葉爾莎  卡洛斯小農  薇拉沙奇特選,Helsar de Zarcero Carlos Alpizar,水洗,Washed,SHB,淺焙帶有 青草、奶油、堅果、酸甜平衡，深焙轉為 黑巧克力 焦糖的氣息。,,,,,
艾卡 May, 2014,410,69,120,,,衣索比亞 耶加雪啡,Ethiopia Yirgacheffe,畢洛亞合作社 ,Biloya Coop,水洗,Washed,G2,柑橘果酸明亮、瓜甜清爽、茉莉花香、桃子杏仁甜感。。,,,,,
艾卡 May, 2014,360,60,105,,,衣索比亞,Ethiopia ,西達摩 戈壁,Sidamo Gorbe  ,日曬,Natural,G3,奶油、香草、橙橘類水果調性、中深焙迷人的木質芳香、巧克力的厚實口感。,,,,,
艾卡 May, 2014,250,42,75,,,印尼 蘇門答臘,Indonesia Sumatra ,曼特寧 三次手選,Mandheling TP,半水洗         ,   Giling Basah ,   G1,青草、杉本香特性外，還帶有黑巧克力、橙皮、梨子的氣味，焦糖 土司 堅果　草藥香料,,,,,
'圓石' May, 2014,380,64,125,,,衣索比亞 耶加雪啡,Ethiopia Yirgacheffe,沃卡合作社  貝哈圖小農,Worka BEDHATU JIBICHO,日曬,Natural,   G1,柑橘調、橙色水果、糖漿、平衡的酸質、香味飽滿、柔滑的口感。,,,,,
'圓石' May, 2014,380,64,125,,,衣索比亞 耶加雪啡,Ethiopia Yirgacheffe,沃卡合作社  阿利姆小農,Worka ALEMU TUKULA GP,日曬,Natural,   G1,複雜的水果、柑橘莓果調、黑醋栗、糖漿，花朵香氣、青蘋果般的明亮酸度、可可滑順口感,,,,,
'聯傑' May, 2014,310,52,90,,,衣索比亞 耶加雪啡,Ethiopia Yirgacheffe, 科契爾,Kochere,水洗,Washed,G1,茉莉花香、檸檬、茶感 、蘋果酸、柑橘酸香、飽滿厚實。,CoffeeReview 94分,海拔1800~2100公尺,,,
'聯傑' May, 2014,375,63,110,,,衣索比亞 耶加雪啡,Ethiopia Yirgacheffe,莉可合作社  ,Reko Coop,日曬,Natural,G3,熟桃、木瓜、哈密瓜、藍莓，酸度低而有豐郁溫潤質感。,紅櫻桃計劃,海拔1850~2100公尺,產區:科契爾Kochere,,
'聯傑' May, 2014,240,40,70,,,薩爾瓦多, Salvador,布宜諾斯 艾莉絲莊園,Buenos Aires ,水洗,Washed,,黑麥、奶油堅果、蔗糖甜  平順溫潤口感。,100%波旁,海拔1200~1550公尺,產區:聖塔安娜 Santa Ana,,
'聯傑' May, 2014,230,39,70,,,蒲隆地  ,Burundi,非洲之心  加蘇拉處理廠,Gasura,水洗,Washed,AA,茶香、橘皮、乳脂巧克力、荳蔻、葡萄乾、普洱茶口感。,海拔1300-1800公尺,產區:奇朗多 Kirundo,,,
'圓石' May, 2014,355,60,105,,,衣索比亞 耶加雪啡,Ethiopia Yirgacheffe,艾瑞莎, Aricha,日曬,Natural,   G1,藍莓、芒果、鳳梨、黃金奇異果、優雅酸甜,,,,,
'圓石' May, 2014,355,60,105,,,衣索比亞 耶加雪啡,Ethiopia Yirgacheffe,沃特孔加 微產區,Wote Konga,日曬,Natural,, 檸檬藍莓果汁、錫蘭紅茶、花香,,,,,
'圓石' May, 2014,310,52,90,,,哥倫比亞,Colombia,(馬廄系列) 阿爾卑斯莊園, Mbeya Shiwanda Estate,水洗,Washed,,桃子果香、柑橘、花香、青梅、烏梅尾韻,,,,,
'圓石' May, 2014,340,57,100,,,坦尚尼亞 ,Tanzania,姆貝亞 蟻丘莊園,Los Alpes EL ESTABLO,水洗,Washed,PB,焦糖、核桃、葡萄乾、花香；酸度清爽，口感滑順。,,,,,
'聯傑' June, 2014,310,52,100,,,剛果,Congo,奇夫產區 夢加諾合作社,Muungano Fully Washed,水洗,Washed,,青草氣息、柑橘類水果香甜、巧克力、麥芽糖漿。,海拔1300-1460公尺,SC16/18,,原生波旁種,,
'聯傑' June, 2014,220,37,75,,,巴西,Brazil,南米納斯 水之睛農場  ,Sul de  Minas Olhos D'Agua Farm,去果皮日曬,Pulped Natural,,堅果、核棗、花生巧克力、茶湯、些許肉桂、糖漿。,卡杜艾Catuai,,,,
'聯傑' June, 2014,420,70,130,,,印尼 蘇門答臘,Indonesia Sumatra ,亞齊省 塔瓦爾湖  陳年綠寶曼特寧 ,Aceh Aged Lake Tawar,濕剝法陳年熟成,Giling Basah,,烏龍、普珥、茶感鮮明、香料、低酸且厚醇度高、風味特殊飽滿。,海拔900~1600公尺,希望之手計畫,,,
迪歐思 June, 2014,220,37,75,,,墨西哥,Mexico,Europea Zona 2 產區:韋拉克魯斯,Europea Zona 2, Veracruz,水洗,Washed,,核果類味,乾淨,柔順,柑橘味, 焦糖,巧克力,花香。,1000M,,,,
迪歐思 June, 2014,260,44,85,,,墨西哥,Mexico, SHG EP Zafiro, 恰帕斯州, SHG EP Zafiro, Chiapas,日曬 ,Natural,,飽滿,厚實,乾淨,柔順,柑橘味,檸檬,巧克力,蜂蜜與焦糖的甜香。,1600M,,,,
'聯傑' June, 2014,308,52,105,,,衣索比亞 耶加雪啡,Ethiopia Yirgacheffe,科契爾 雪冽圖,Kochere, Chelelektu,水洗,Washed,   G1,上揚的茉莉花香與檸檬氣息、佛手柑、蜂蜜香甜、葡萄柚調性果酸精緻口感明亮。,,,,,
'聯傑' June, 2014,368,62,120,,,衣索比亞 耶加雪啡,Ethiopia Yirgacheffe,金蕾娜安芭雅 杜梅索合作社,Gelena Abaya, Dumerso Coop,水洗,Washed,   G1,花香、茉莉氣息、檸檬特色鮮明、香瓜  檸檬柑橘調  野薑花、細膩多汁。,,,,,
'圓石' June, 2014,326,55,110,,,衣索比亞 西達摩,Ethiopia Sidamo,古吉  夏奇索微產區,Guji Shakisso,日曬 ,Natural,,藍莓、百香果、芒果、萊姆，中後段柑橘、藍莓,,,,,
'圓石' June, 2014,291,49,100,,,衣索比亞 西達摩,Ethiopia Sidamo,古吉  夏奇索微產區,Guji Shakisso,水洗,Washed,,白葡萄柔酸、檸檬、柑橘、萊姆，後段淡淡的荔枝香帶焦糖香氣,,,,,
'圓石' June, 2014,396,66,130,,,衣索比亞 西達摩,Ethiopia Sidamo,雅笛,Ardi,日曬 ,Natural,   G1,藍莓、波羅蜜、芒果、熟香蕉、肉桂巧克力、白葡萄酸香、莓果餘韻,,,,,
'圓石' June, 2014,236,40,80,,,衣索比亞 西達摩,Ethiopia Sidamo,水洗西達摩,Washed Sidamo,水洗,Washed,   G2,檸檬多多、茶感、李子、櫻桃、白葡萄酸感,,,,,
榮豆 July, 2015,422,284,570,1100,580,衣索比亞 耶加雪啡,Ethiopia Yirgacheffe,碧蘿亞w,Beloya,水洗,Washed,G1 ,,,,,,
榮豆 July, 2015,432,284,570,1100,580,衣索比亞 耶加雪啡,Ethiopia Yirgacheffe,碧蘿亞n,Beloya,日曬,Natural,G1 ,,,,,,
'聯傑' August, 2014,272,46,95,,,盧安達,Rwanda,庫佩克合作社,Coopac Coop ,水洗,Washed,,Deep, sweet, pungent. Suggestions of butterscotch, fresh-turned earth, dried plums, dark chocolate and fir in aroma and cup. Round, rich acidity; lightly syrupy mouthfeel. Hints of flavor persist in a long, round, resonant finish.,,,,,
'聯傑' August, 2014,382,64,125,,,肯亞,Kenya,奇安布,Kiambu,水洗,Washed,AA,烏梅、黑醋栗、白葡萄汁、甜感細膩。,,,,,
四季 August, 2014,250,42,85,,,坦尚尼亞 ,Tanzania,多門吉力馬扎羅,Dorman Kilimanjaro,水洗,Washed,AA,烏梅，梅子，整體風味均衡且酸性較為柔順溫和。,,,,,
四季 August, 2014,270,45,90,,,巴西,Brazil,依帕內瑪 甜蜜日曬,Ipanema Dulce Natural,,,,,,,,,
四季 August, 2014,310,52,105,,,盧安達,Rwanda,恩芭肯達,,水洗,Washed,,柔和的花香和蜂蜜奶油般的甜蜜口感，帶有葡萄乾、覆盆子、香草風味。 ,,,,,
四季 August, 2014,300,50,100,,,印尼 蘇門答臘,Indonesia Sumatra ,曼特寧 三次手選,,半水洗,Giling Basah,G1,,,,,,
四季 August, 2014,210,35,75,,,哥倫比亞,Colombia,美德林,Medellin Supremo,水洗,Washed,Sc 17/18,黑巧克力牛奶香，些微的果酸味、微焦糖的甜味。,,,,,
安晶 August, 2014,350,59,115,,,尼加拉瓜 ,Nicaragua,安晶莊園 全果,Tres Soles Est. Fruta del Cafe,全果處理法,Whole Fruit Process,,,,,,,
安晶 August, 2014,310,52,105,,,尼加拉瓜 ,Nicaragua,安晶莊園 Ilana,Tres Soles Est.Ilana,水洗,Washed,,,,,,,
'圓石' August, 2014,279,47,95,,,印尼 蘇門答臘,Indonesia Sumatra ,林東曼特寧 三次手選,Lintong Mandheling TP,半水洗,Giling Basah,G1,油脂感濃郁回甘，藥草香的苦甜味明顯，餘味的焦糖甜感持續甚久，還有黑巧克力、橙皮、梨子等特性,,,,,
'圓石' August, 2014,279,47,95,,,印度,India,麥索金磚,Mysore Nuggets Extra Bold,水洗,Washed,,焙炒堅果 木質茶感 焦糖糖漿 香料 油脂感,,,,,
'圓石' August, 2014,368,62,120,,,巴拿馬,Panama,哈特曼莊園 ,Finca Hartmann,蜜處理,Honey,,蜂蜜甜  龍眼乾  可可 薄荷 香橙 ,,,,,
興田 August, 2014,295,50,100,,,尼加拉瓜 ,Nicaragua,卡梅莉亞  山茶花莊園, Las Camelias  EP,水洗,Washed,SHB ,玄米茶香、焦糖、核桃、年輕松木、低酸度。,,,,,
興田 August, 2014,300,50,100,,,宏都拉斯,Honduras,錫瓜特佩克合作社  獵豹,Siguatepeque El Jaguar ,水洗,Washed,,香料、薄荷牛奶、玉米甜、堅果、焦糖、口感輕順溫和。,,,,,
興田 August, 2014,350,59,115,,,祕魯 ,Peru,北部高地 有機&熱帶雨林認證,Norte Organic & RFA,水洗,Washed,SHB ,堅果、焦糖甜感、奶油滑順、溫和清新、口感平衡。,,,,,
興田 August, 2014,350,59,115,,,瓜地馬拉,Guatemala ,安提瓜火山 聖多明哥城,Antigua Santo Domingo,水洗,Washed,SHB ,堅果、奶油、焦糖、甜檸檬、甜感圓潤,,,,,
興田 August, 2014,380,64,125,,,衣索比亞 耶加雪啡,Ethiopia Yirgacheffe,阿洛莫合作社,Aramo Coop G1,水洗,Washed,G1,花香、新鮮青蘋果般的生豆香氣、檸檬、甜橙、蜂蜜、厚實的甜感與紮實度。,Coffee Review 93 ,,,,
同好 August, 2014,480,80,150,,,盧安達,Rwanda,卡隆基區 基特西處理廠,Karongi Gitesi,水洗,Washed,,豆蔻、焦糖奶油、粗糖、大吉嶺紅茶、花香,,,,,
同好 August, 2014,460,77,145,,,衣索比亞 耶加雪啡,Ethiopia Yirgacheffe,王道,Wondo -Haraicho Station,水洗,Washed,G1,蜂蜜燕麥餅乾、茉莉花茶、成熟水果、奶油糖果、花香、伯爵茶,,,,,
'圓石' September, 2014,285,48,95,,,烏干達,Uganda,汐碧瀑布  雨林認證, RFA Org Certified - Sipi Falls,水洗,Washed,,In the aroma, blueberry and other fruits are present, with hints of spice, vanilla, and coconut. ,,,,,
'圓石' September, 2014,395,66,130,,,尼加拉瓜 ,Nicaragua,安納雅碧  馬拉卡杜拉種 ,Ana Maria Albir Maracaturra ,蜜處理,Honey, 微批次,,,,,,
'圓石' September, 2014,480,80,150,,,肯亞,Kenya,Kirinyaga產區 奇異處理廠,Kirinyaga Kii ,水洗,Washed,AA,Loaded with berry notes of sweet blackcurrant, raspberry tart and juicy nectarine with a long sweet gorgeous finish.,,,,,
'圓石' September, 2014,475,80,150,,,衣索比亞 耶加雪啡,Ethiopia Yirgacheffe,狄馬哲德/絕計,Drima Zede,日曬,Natural,Levelup Up,香水般集中的藍莓、花果甜香，果醬 、 柑橘，水蜜桃、可可、水果成熟所散發的香甜味。,,,,,
豐潤 September, 2014,441,74,140,,,衣索比亞 耶加雪啡,Ethiopia Yirgacheffe,梅吉雅 孔加,Mergiya Konga,日曬,Natural,   G1,水蜜桃、莓果香氣，甜度高，蘋果酸、葡萄甜。,,,,,
豐潤 September, 2014,311,52,105,,,哥倫比亞,Colombia , Kogui 雪峰, Kogui Snow Cap,水洗,Washed,Spuermo,熟甜、花香、蜜甜、太妃糖、薄荷、柑橘香、糖蜜、麥茶、烏龍茶、葡萄柚酸、烏梅,,,,,
豐潤 September, 2014,211,36,75,,,巴西,Brazil,喜拉朵,,日曬,Natural,SC 18,,,,,,
'圓石' October, 2014,445,75,145,,,衣索比亞 西達摩,Ethiopia Sidamo,砌達高爾/莓果風華,Kita Gora  ,日曬 ,Natural,Levelup Up,清新檸檬皮，柚子，萊姆香氣;  白葡萄酸感、養樂多藍莓香氣！尾段乾淨柔順茶感、檸檬水+櫻桃香,,,,,
'圓石' October, 2014,387,65,125,,,衣索比亞 耶加雪啡,Ethiopia Yirgacheffe,科契爾  蔻銳,Kochere Kore,日曬,Natural,   G1,乾香牛奶糖花香，濕香綠茶香。入口白葡萄酸感，前段有柑橘香，甜蜜香瓜牛奶糖香氣，中段花香氣息還帶有點荔枝水蜜桃的香氣。檸檬，鳳梨香氣;  主調藍莓花香。,,,,,
'圓石' October, 2014,362,61,120,,,衣索比亞 耶加雪啡,Ethiopia Yirgacheffe,科契爾  丹波處理廠,Kochere Teklu Dembel,水洗,Washed,G1,Dried flowers and fresh jasmine; a sweet tropical note of mango and passion fruit; sweet citrus notes like orange and lemonade; apricot, white peach, and Rainier cherry.,,,,,
'圓石' October, 2014,197,33,70,,,衣索比亞 ,Ethiopia ,西達摩 產地直送,Sidamo,日曬 ,Natural, G4 TOP,葡萄柚香氣，芭樂的香澀感，但尾韻有帶有櫻桃藍莓香氣、杏仁、花香,,,,,
'圓石' October, 2014,262,44,90,,,印尼 蘇門答臘,Indonesia Sumatra ,綠寶石曼特寧,Mandheling GAYO ,半水洗,Giling Basah,G1,,,,,,
'圓石' October, 2014,475,80,150,,,尼加拉瓜 ,Nicaragua,天意莊園 米賽亞 黃卡杜艾,Finca La Divina  Providencia Misael Sauceda,日曬 ,Natural,,,,,,,,260,44,80,,,薩爾瓦多, Salvador,布宜諾斯 艾莉絲莊園,Buenos Aires ,水洗,Washed,,黑麥、奶油堅果、蔗糖甜  平順溫潤口感。,,,,,
'圓石' October, 2014,322,54,95,315,165,衣索比亞 耶加雪啡,Ethiopia Yirgacheffe,科契爾  Ecx(Q1&Q2),Kochere Ecx(Q1&Q2),日曬,Natural,   G3,熱帶水果、藍莓、花香、杏仁、蜂蜜香氣、柔軟葡萄及柳橙香氣、風味乾淨而口感圓潤多汁、莓果及太妃糖尾韻,,,,,
'圓石' October, 2014,267,45,80,285,150,巴布亞新幾內亞,Papua New Guinea,拉馬俐河谷 ,Lamari Valley ,水洗,Washed,A/X ,,,,,,
'圓石' October, 2014,247,42,75,275,145,宏都拉斯,Honduras,錫瓜特佩克合作社  獵豹,Siguatepeque El Jaguar ,水洗,Washed,,香料、薄荷牛奶、玉米甜、堅果、焦糖、口感輕順溫和。,,,,,
'聯傑' November, 2014  ,422,71,120,390,200,衣索比亞 耶加雪啡,Ethiopia Yirgacheffe, 維娜果,Wanago,日曬 ,Natural,G1,紅茶、黑葡萄、甜櫻桃、柑橘皮、烤焦糖、花朵、厚實、酸度豐富、輕柔糖漿口感。,,,,,
'聯傑' November, 2014  ,342,57,100,325,170,哥斯大黎加,Costa Rica,奧斯卡小金人處理廠,Don Oscar Volfa Lot#18 ,水洗,Washed,G1,烤麵包、榛果、紅糖、香料、檸檬水、明亮果酸。,,,,,
'聯傑' December, 2014  ,382,64,110,370,190,衣索比亞 耶加雪啡,Ethiopia Yirgacheffe,沃特孔家  皇家特選,Wote Konga,日曬,Natural,   G1,花香、李子、橘子皮、酸度活潑、味道飽滿、豐富的橙色水果調、巧克力。,,,,,
'聯傑' December, 2014  ,352,59,100,330,170,瓜地馬拉,Guatemala ,安提瓜火山  花神  貝拉卡摩娜,Antigua Bella Carmona,水洗,Washed,,溫帶水果、蘋果清香、堅果、奶油、焦糖  甜檸檬、甜感圓潤。,,,,,
'聯傑' December, 2014  ,332,56,95,320,165,哥倫比亞,Colombia ,薇拉高原  艾利雅鎮  1850M,South Huila Elias,水洗,Washed,,青蘋果、草香、核桃、焦糖、輕快的酸度、輕甜的口感、餘韻細緻。,,,,,
'聯傑' December, 2014  ,362,61,105,360,185,衣索比亞 耶加雪啡,Ethiopia Yirgacheffe,金蕾娜安巴雅, Gelana Abaya  ,日曬,Natural,   G1,花香、藍莓、清爽細緻的莓果香甜、乳脂滑順、果酸線條乾淨細膩。,,,,,
'聯傑' December, 2014  ,272,46,80,290,150,巴拿馬,Panama,巴魯火山  凱薩路易斯 波奎特,Boquete Casa Ruiz Especial,水洗,Washed,,堅果、開心果、焦糖、烤焙的木質芳香、低酸紮實。,,,,,
'聯傑' November, 2014  ,362,61,105,360,185,衣索比亞 耶加雪啡,Ethiopia Yirgacheffe,潔蒂普鎮  可可娜, Gedeb Kokanna,水洗,Washed,G1,花香、茉莉氣息、檸檬特色鮮明、柑橘橙果類甜感、乾淨均衡感佳、大吉嶺紅茶尾韻,,,,,
'圓石' December, 2014,309,52,90,305,160,盧安達,Rwanda,基輔湖  穆修伊, Mushonyi Lake Kivu,水洗,Washed,,入口時帶黃金奇異果的酸感，中段帶點養樂多、水梨、蘋果酸甜味，果香、層次豐富，清新明亮,,,,,
'圓石' December, 2014,459,77,130,405,210,衣索比亞 耶加雪啡,Ethiopia Yirgacheffe,陽光/江壩,Janbar,日曬,Natural,   G1,熱帶水果、椰子芒果荔枝、柑橘、花香、百香果,,,,,
'圓石' January, 2015,302,51,90,330,170,衣索比亞 耶加雪啡,Ethiopia Yirgacheffe,科契爾  Ecx(Q1&Q2),Kochere Ecx(Q1&Q2),日曬,Natural,   G3,熱帶水果、藍莓、花香、杏仁、蜂蜜香氣、柔軟葡萄及柳橙香氣、風味乾淨而口感圓潤多汁、莓果及太妃糖尾韻,,,,,
'圓石' January, 2015,372,62,105,355,185,肯亞,Kenya,冽里  特鼓,Nyeri Tegu,水洗,Washed,AB,黑醋栗、蔓越莓、哈蜜瓜、熟櫻桃、柳橙。,,,,,
'聯傑' March, 2015,352,59,100,330,170,瓜地馬拉,Guatemala ,安提瓜火山  花神  貝拉卡摩娜,Antigua Bella Carmona,水洗,Washed,,溫帶水果、蘋果清香、堅果、奶油、焦糖  甜檸檬、甜感圓潤。,,,,,
'圓石' January, 2015,327,55,95,315,165,瓜地馬拉,Guatemala ,微微特南果  歐規  新霸主,Huehuetenango Xinabajul Bannil Kappe,水洗,Washed,,葡萄柚、白葡萄、焦糖、茉莉蜜茶感、質感乾淨圓潤。,,,,,
'圓石' January, 2015,347,58,100,325,170,尼加拉瓜 ,Nicaragua,天意莊園  米賽亞 卡杜拉,Finca La Divina Providencia Misael Sauceda,水洗,Washed,,,,,,,
'圓石' February, 2015,282,47,85,295,155,尼加拉瓜 ,Nicaragua,米耶瑞詡 愉悅莊園,Mierisch Placeres,水洗,Washed,,紅梨、太妃糖、花生、杏仁,,,,,
'圓石' March, 2015,452,76,130,390,200,肯亞,Kenya,冽里  坦巴雅,Nyeri Tambaya,水洗,Washed,AA,香草、葡萄柚、桃子、杏桃、伯爵茶、蔓越莓、櫻桃。,,,,,
'圓石' March, 2015,452,76,130,390,200,尼加拉瓜 ,Nicaragua,寶石莊園  伊碧斯  維拉羅伯種,Finca  La  Joya  Ibis  Adamick  Garcia  Villa Lobos,日曬,Natural,VillaLobos,莓果、微煙燻木質味、藍莓酸甜感、蔗甜、威士忌酒香氣、花香,,,,,
興田 May, 2015,362,61,105,320,165,哥倫比亞,Colombia ,薇拉高原  艾利雅鎮,South Huila Elias,水洗,Washed,,青蘋果、草香、核桃、焦糖、輕快的酸度、輕甜的口感、餘韻細緻。,,,,,
考種, 2014,310,66,115,305,160,厄瓜多,Ecuador,加拉巴哥群島,Galapagos,水洗,Washed,Sc 17-18,香瓜、芒果、覆盆子、甘菊、奶油質感、新鮮的葡萄果汁、蘭姆酒香調性。,,,,,
'圓石' February, 2015,342,57,100,325,170,巴拿馬,Panama,聖特蕾莎莊園,Finca Santa Teresa,水洗,Washed,,蔗糖香、漿果甜、迷迭香、榛果香氣、柑橘酸甜,,,,,
'圓石' January, 2015,252,42,75,280,145,盧安達,Rwanda,英卓夫大象合作社,Inzovu Cooperative,水洗,Washed,,入口李子、柚子酸感、中段帶可可苦甜、木質核果。,,,,,
'圓石' February, 2015,347,58,100,325,170,哥斯大黎加,Costa Rica,塔拉珠 龐特微處理廠,Puente Micromill,蜜處理,Honey,,梅子、紅糖、桃子、核桃、橙色柑橘、輕輕糖漿、柚子、焦糖可可、核果香、奶油香氣。,,,,,
'圓石' December, 2014,434,73,125,395,205,衣索比亞 耶加雪啡,Ethiopia Yirgacheffe,柔軟清檸/洛米塔夏,Lomi Tasha,水洗,Washed,LevelUp,甜檸檬、綠茶、杏仁、花香、清脆明亮,,,,,
'聯傑' December, 2014  ,392,66,115,375,195,衣索比亞 耶加雪啡,Ethiopia Yirgacheffe,班可  果丁丁村, Banko Gotiti ,日曬,Natural,   G3,草莓、藍莓、深色漿果、柳橙、香料、濃郁香甜、巧克力厚實感。,,,,,
'圓石' October, 2014,417,70,120,330,170,尼加拉瓜 ,Nicaragua,佛羅倫斯 爪哇種,Florencia Especial Java,日曬,Natural,特選微批次,莓果、花香、鳳梨、酒香、烏梅、順口，德國莓果花茶感,,,,,
'圓石' February, 2015,337,57,100,320,165,坦尚尼亞 ,Tanzania,吉利馬札羅 非洲莊園, Kilimanjaro African Plantation,水洗,Washed,AA,奇異果葡萄酸感、 柑橘、 萊姆、 李子、紅莓、甜感佳。,,,,,
'圓石' January, 2015,472,79,135,405,210,肯亞,Kenya,冽里  加同柏亞,Nyeri  Gatomboya,水洗,Washed,AA,柑橘、蘋果、葡萄、奇異果、黑醋栗、鳳梨、甘蔗。,,,,,
興田 May, 2015,802,134,220,550,280,葉門,Yemen,依斯瑪莉 摩卡,Ismaili Mocha,日曬,Natural,,野莓、香草、香料、皮革、丁香、核桃、巧克力。,,,,,
興田 May, 2015,372,62,105,340,175,哥斯大黎加,Costa Rica,西部谷地 唐約赫處理廠,La Cumbre de San Luis Don Joel,黃蜜處理,Honey, ,蜜糖、奶油、香草 、核果、果乾、滑順甘甜。,,,,,
'圓石' March, 2015,462,77,130,395,205,尼加拉瓜 ,Nicaragua,天意莊園  米賽亞   象豆種,La Divina Providencia Misael Sauceda ,日曬,Natural,Marogogipon,蘋果、柑橘、杏桃、鳳梨、香草,,,,,
'聯傑' March, 2015,422,71,120,390,200,衣索比亞 耶加雪啡,Ethiopia Yirgacheffe, 沃卡 阿利姆小農,Worka Coop Alemu Tukule,日曬,Natural,   G1,複雜的水果、柑橘莓果調、黑醋栗、糖漿，花朵香氣、青蘋果般的明亮酸度、可可滑順口感。,,,,,
'圓石' April, 2015,402,67,115,370,190,肯亞,Kenya,奇雲域,Kirinyaga Kiunyu,水洗,Washed,AA,黑醋栗、梨子、楓糖、葡萄柚、綠葡萄,,,,,
'圓石' April, 2015,402,67,115,355,185,肯亞,Kenya,卡仙度,Muranga Kahindu,水洗,Washed,AA,黑醋栗、梨子、楓糖、葡萄柚、綠葡萄,,,,,
'聯傑' March, 2015,422,71,120,390,200,衣索比亞 耶加雪啡,Ethiopia Yirgacheffe,沃卡  加吉魯小農,Worka Coop Gelgelu Adame,日曬,Natural,   G1,鳳梨、芒果、丁香、香料調性、葡萄干香氣、蜂蜜般的甜美、可可滑順口感。,,,,,
'圓石' April, 2015,277,47,85,290,150,蒲隆地,Burundi,路透納,Rutana,水洗,Washed,AA,牛奶巧克力、核桃、柑橘、小荳蔻、花生、可樂,,,,,
榮豆 July, 2015,1700,284,570,1100,580,巴拿馬,Panama,翡翠莊園 藝伎 綠標,La Esmeralda Reserve,水洗,Washed, ,,,,,,
榮豆 July, 2015,900,150,300,650,340,巴拿馬,Panama,翡翠莊園 藝伎 藍標,La Esmeralda 1500m,水洗,Washed, ,,,,,,
'圓石' March, 2015,502,84,140,415,215,蘇門答臘,Sumatra ,Wahana 莊園  Rasuna 老樹種,Wahana Rasuna,日曬,Natural,0 Defect, 芒果、鳳梨、哈密瓜等熱帶水果及藍莓香氣，層次豐富,,,,,
興田 May, 2015,312,52,90,310,160,巴西,Brazil,喜拉朵 花谷莊園,Cerado Fazenda La Folie,蒸氣處理,Steam,,烤番薯、黑糖、甜茶、紅茶香,,,,,
'圓石' June, 2015,337,57,110,330,170,哥倫比亞,Colombia ,維拉  幻象莊園  , Huila Finca La Illusion,日曬,Natural,,藍莓、櫻桃、檸檬、黑糖、烤焙可可、熱帶水果、可樂,,,,,
'圓石' May, 2015,392,66,115,355,185,巴拿馬,Panama,哈特曼莊園,Finca Hartmann,酒香日曬,Black Winey,,香瓜、芒果、覆盆子、甘菊、奶油質感、新鮮的葡萄果汁、蘭姆酒香調性。,,,,,
'圓石' February, 2015,392,66,115,375,195,衣索比亞 耶加雪啡,Ethiopia Yirgacheffe,阿洛默,Aramo Station,日曬,Natural,   G1,百香果、藍莓， 入口時強烈的花香，中段伴隨著芭樂、柚子皮、草莓，豐富的酸甜滋味,,,,,
'聯傑' March, 2015,312,52,90,310,160,巴布亞新幾內亞,Papua New Guinea,奇邁爾莊園 圓豆,Kimel,水洗,Washed,PB,些微辛香料氣息、堅果、甘蔗香甜爽口、奶油般的乳脂滑順感、平順。,,,,,
'圓石' April, 2015,342,57,100,350,180,衣索比亞 耶加雪啡,Ethiopia Yirgacheffe,金蕾娜安芭雅,Gelana Abaya ,日曬,Natural,G1,草莓、藍莓、葡萄、金銀花、烘烤過的可可豆香氣、 多汁爽口的甜味。,,,,,
'圓石' April, 2015,372,62,105,365,190,衣索比亞 耶加雪啡,Ethiopia Yirgacheffe,沃卡 哈洛巴利迪, Worka Halo Bariti,日曬,Natural,G3,芒果，水蜜桃，花香，蘋果，荔枝，花香、 濃郁藍莓酒香，整體香氣豐富，層次多變！花果香餘韻持久。,,,,,
'圓石' April, 2015,352,59,100,355,185,衣索比亞 耶加雪啡,Ethiopia Yirgacheffe,班可 果丁丁,Banko Gutiti,水洗,Washed,G1,茉莉花香、 柑橘、 甜橙、 柚香、 水蜜桃、 杏桃氣息、香甜多汁。,,,,,
'聯傑' August, 2015,2400,400,435,1300,655,哥斯大黎加,Costa Rica,布魯瑪斯莊園 藝伎N,Brumas Zurqui Geisha,日曬,Natural,,紅色莓果、蜜糖漿、桃子、花香、紅酒香、熱帶水果,,,,,
'聯傑' August, 2015,2200,367,400,1200,605,哥斯大黎加,Costa Rica,布魯瑪斯莊園 藝伎H,Brumas Zurqui Geisha,紅蜜處理,Honey,,深色莓果調、蜂蜜、甜桃、花香、焦糖,,,,,
'圓石' May, 2015,387,65,110,365,185,衣索比亞 西達摩,Ethiopia Sidamo,雅笛,Ardi,日曬 ,Natural,   G1,野莓、芒果、鳳梨、黃金奇異果、檸檬夾心餅乾、酸質優雅、線條流暢。,,,,,
'圓石' May, 2015,362,61,105,360,185,衣索比亞,Ethiopia ,哈拉爾城 摩卡,Harra Mocha ,日曬,Natural,   G1,藍莓、檸檬、草本植物芳香、酸值與口感複雜豐富、葡萄酒與巧克力,,,,,
'圓石' May, 2015,302,51,90,305,160,巴拿馬,Panama,卡門莊園 帕索安丘,Volcan Carmen Paso Ancho,水洗,Washed,,甜蘋果、野梅、黑莓酸質、榛果、焦糖甜香、口感紮實。,,,,,
'聯傑' August, 2015,262,44,95,285,150,哥斯大黎加,Costa Rica,塔拉珠 鑽石山 ,Tarrazu Montanas Diamante,水洗,Washed,SHB,輕柔橙橘調、吐司、口感乾淨明亮、焦糖可可甜,,,,,
'聯傑' August, 2015,252,42,95,280,145,瓜地馬拉,Guatemala ,薇薇特南果 茵赫特,Huehuetenango El Injerto,水洗,Washed,,溫帶水果風味、堅果、核果調、花生、吐司、酸度溫和內斂,,,,,
'圓石' May, 2015,342,57,100,325,170,哥斯大黎加,Costa Rica,三水合 羅莎利亞莊園,Tres Rio La Rosalia,水洗,Washed,,杏仁、葡萄、輕花香、黑李、蘋果酸、蜂蜜,,,,,
'圓石' May, 2015,322,54,95,340,175,衣索比亞 耶加雪啡,Ethiopia Yirgacheffe,哈瑪合作社,FTO Hama Coop,水洗,Washed,G1, 柑橘、葡萄柚、橘子、香草，綠奇異果，核果香氣再帶一點草本香氣。,,,,,
'圓石' May, 2015,377,63,110,365,190,衣索比亞 耶加雪啡,Ethiopia Yirgacheffe,科契爾 杜梅索,Kochere Dumerso,日曬,Natural,G1,花香、草莓、覆盆子巧克力蛋糕、深色莓果與紫葡萄的多層次風味。
'圓石' May, 2015,382,64,110,370,190,肯亞,Kenya,冽里產區  露奇拉,Nyeri Rukira,水洗,Washed,AB,強烈的花香、莓果香、水蜜桃香氣。中段核果香、橘子、綠色奇異果酸香、黃金奇異果香氣！,,,,,
'圓石' June, 2015,327,54,105,340,175,衣索比亞 ,Ethiopia ,利姆  季洛,Limu Gera,水洗,Washed,G1,花香調性、蘋果、蘆薈、金桔的明亮果酸、層次多變的口感、中後段為香檬、檀香、微帶可可的甜感,,,,,
'圓石' June, 2015,362,63,120,360,185,衣索比亞 耶加雪啡,Ethiopia Yirgacheffe,科契爾  YirgZ,Kochere YirgZ,日曬,Natural,G1,草莓、芒果等等甜感豐富的熱帶水果風味、葡萄乾、櫻桃口感、香料茶、甜梅的質地與餘韻。,,,,,
'圓石' June, 2015,332,52,100,325,170,瓜地馬拉,Guatemala ,花神  貝拉卡摩娜,Antigua Bella Carmona,水洗,Washed,,些許的檸檬皮、青草、香草、蜂蜜杏仁、奶油質地、平順滑口的口感。,,,,,
'聯傑' July, 2015,312,52,100,330,170,衣索比亞 ,Ethiopia ,西達摩 西爾莎 , Shilcho Coop,水洗,Washed,G1,萊姆、金桔香氣、甜度紮實飽滿、翡翠檸檬茶風味。,,,,,
'圓石' October, 2015,347,58,120,350,180,衣索比亞 耶加雪啡,Ethiopia Yirgacheffe,艾瑞莎(圓石), Aricha,日曬,Natural,   G1,濃郁的百香果、香吉士、葡萄汁、橘皮香氣、水果軟糖、水果牛奶的豐富口感。,,,,,
'圓石' October, 2015,267,45,95,285,150,薩爾瓦多,Salvador,聖塔安娜火山 雷納斯蛙丘莊園, Cerro Las Ranas,蜜處理,Honey,,橘子、杏仁、牛奶巧克力、油脂感豐富。,,,,,
'圓石' December, 2015,377,63,125,370,190,衣索比亞 耶加雪啡,Ethiopia Yirgacheffe,荷芙莎合作社,Harfusa,日曬,Natural,G3,花香與檸檬草香氣、 香吉士的酸質、 蜂蜜、 焦糖與柑橘、 鮮桔茶、薄荷花草的香氣,,,,,
'聯傑' August, 2015,222,36,90,260,135,坦尚尼亞 ,Tanzania,吉利馬札羅, Kilimanjaro,水洗,Washed,PB,杏果、核棗類圓潤甜順、微帶香料、麥芽巧克力,,,,,
'圓石' August, 2015,377,63,120,350,180,肯亞,Kenya,冽里  坦巴雅,Nyeri Tambaya,水洗,Washed,AA,香草、葡萄柚、桃子、杏桃、伯爵茶、蔓越莓、櫻桃。,,,,,
'圓石' August, 2015,342,57,120,350,180,衣索比亞 耶加雪啡,Ethiopia Yirgacheffe, 維娜果,Wanago,日曬 ,Natural,G1,草莓、桃子、黃金奇異果、哈密瓜、黃檸檬、花香、酒香,,,,,
'圓石' August, 2014,279,47,95,,,印尼 蘇門答臘,Indonesia Sumatra ,林東曼特寧 三次手選,Lintong Mandheling TP,半水洗,Giling Basah,G1,油脂感濃郁回甘，藥草香的苦甜味明顯，餘味的焦糖甜感持續甚久，還有黑巧克力、橙皮、梨子等特性,,,,,
'聯傑' August, 2015,302,51,105,305,160,哥倫比亞,Colombia ,聖坦德卡恰露 希望農協,Santander Kachalu,水洗,Washed,,臻果、奶油巧克力、烤杏仁、乳脂感滑順,,,,,
'聯傑' November, 2015,232,39,90,270,140,巴拿馬,Panama,聖塔克拉拉 伊列塔莊園,MC Santa Clara Eleta ,水洗,Washed,SHB,奶油麵包、杏核甜感、蔗甜、酸質圓潤,,,,,
'圓石' November, 2015,472,79,130,395,205,哥斯大黎加,Costa Rica,中央谷地 拉斯拉哈斯莊園 黑珍珠,Central Valley Las Lajas Perla Negra,日曬,Natural,黑珍珠,酒釀櫻桃、 香蕉、 桃子、 香瓜等等熱帶水果風味、 榛果糖漿、 牛奶巧克力的滑順感。,,,,,
'圓石' October, 2015,282,47,100,295,155,盧安達,Rwanda,咖啡愛人合作社 穆莎莎處理場,Dukundekawa Musasa,水洗,Washed,Bourbon,檸檬乾香、野莓果酸、柑橘、李子的多汁風味、楓糖的甜蜜感、黑巧克力的深厚韻味。,,,,,
'圓石' October, 2015,472,79,130,395,205,哥斯大黎加,Costa Rica,中央谷地 索諾拉莊園,Central Valley Sonora,日曬,Natural,Villa Sarchi,紫藤花，桃子、蜂蜜、百香果、香瓜、複雜度、甜膩的口感、榛果糖漿、酸質平衡但香氣濃郁複雜度高。,,,,,
'聯傑' July, 2015,287,48,95,320,165,衣索比亞 ,Ethiopia ,班其馬吉,Forest Bench Maji,日曬,Natural,G1,波羅蜜、熟果香、香料、葡萄酒、黑巧克力。,,,,,
'圓石' August, 2015,242,41,95,275,145,巴西,Brazil,聖塔克拉拉莊園 艾德瑪祖孔,Fazenda Santa Clara Edmar Zuccon,水洗,Washed,Acaia,蜂蜜檸檬、萊姆水、柳橙、奇異果、 質地乾淨清澈、 些許核果韻味,,,,,
'聯傑' January, 2016,347,58,120,350,180,衣索比亞 耶加雪啡,Ethiopia Yirgacheffe,潔蒂普鎮  可可娜, Gedeb Kokanna,水洗,Washed,G1,花香、茉莉氣息、檸檬特色鮮明、柑橘橙果類甜感、乾淨均衡感佳、大吉嶺紅茶尾韻,,,,,
'圓石' December, 2015,412,69,130,385,200,衣索比亞 耶加雪啡,Ethiopia Yirgacheffe,沃卡 班可  果丁丁村, Banko Gotiti ,日曬,Natural,G3,香氣是濃郁又鮮明草莓、藍莓鮮果； 黑莓冰砂、藍莓巧克力、 後段帶杏桃果乾、 豐富熱帶水果風味,,,,,
'聯傑' October, 2015,392,66,125,375,195,衣索比亞 耶加雪啡,Ethiopia Yirgacheffe,孔加合作社, Konga,水洗,Washed,G1,檸檬、香橙、紅蘋果、蜂蜜 、淡花香、伯爵紅茶,,,,,
'美妙山' November, 2015, 295, 50, 105,310,160,緬甸,Myanmar ,槍貴 1400m, Chaungue Plantation, 蜜處理, Honey,  
'聯傑' November, 2015,332,58,120,350,180,衣索比亞 耶加雪啡,Ethiopia Yirgacheffe,艾瑞莎(聯傑), Aricha,日曬,Natural,   G1,花、紅色莓果調、甜橘類調性、 西瓜、杏桃、 濃郁日曬口感. ,,,,,
'圓石' November, 2015,562,94,150,440,225,瓜地馬拉,Guatemala ,新東方產區 番石榴平原莊園,New Oriente Plan del Guayabo Estate,酒香日曬,Winey,SL28,鳳梨、 香瓜、 杏桃果乾、 糖漬檸檬皮、 波爾多葡萄酒、 綠茶與肉桂香料、整體充滿豐富的甜味與煙燻烏梅的飽滿香氣。,,,,,
'圓石' December, 2015,317,53,105,320,165,瓜地馬拉,Guatemala ,安提瓜火山 歐規 胡娜樸,Antigua EP Hunapu,水洗,Washed,SHB,檸檬酸、蘋果汁、茂谷柑、白葡萄、風味乾淨精緻，果酸與層次多變,,,,,
'聯傑' September, 2015,2400,400,1000,1300,680,巴拿馬,Panama,翡翠莊園 藝伎 日曬,La Esmeralda Private,日曬,Natural, ,,,,,,
'聯傑' October, 2015,1902,317,420,1120,570,巴拿馬,Panama,波奎特 鄧肯莊園 藝伎 水洗,Boquete Duncan,水洗,Washed, Geisha,花香調、檸檬、橙、杏、複雜的香氣精緻，輕脆甜蜜的酸度、糖漿口感,,,,,
'安晶' August, 2015,422,71,125,375,195,尼加拉瓜 ,Nicaragua,安晶莊園 Marabella, Tres Soles Est. Marabella, 水洗, Washed,,融合麥芽香甜、輕微的花香芬芳，可可與核果的風味，滑潤的口感,,,,,,
'圓石' December, 2015,317,53,110,320,165,瓜地馬拉,Guatemala ,卡迪拉斯莊園,Finca Caldreas,酒香日曬,Winey,Pacas,烤堅果、開心果、柳丁酸甜、白葡萄果汁、中後段是牛奶巧克力、些許香料感,,,,,
'聯傑' March, 2016,352,59,130,355,185,衣索比亞 耶加雪啡,Ethiopia Yirgacheffe,科契爾  蔻瑞,Kochere Kore,水洗,Washed, G1,香橙水果調、黑加侖、花、豐富明亮的酸度、深刻飽滿的口感,,,,,
'聯傑' September, 2015,292,49,100,300,155,蒲隆地,Burundi,瑪塔娜省 卡妮卡產區,Bururi Matana Canika,水洗,Washed,,	糖漿、檸檬皮、堅果焦糖、圓潤多汁、可可調
"圓石 June, 2016",267,45,110,290,150,瓜地馬拉,Guatemala ,柯班 羅莎莉歐之花莊園,Coban Flor del Rosario,水洗,Washed,,"柑橘、葡萄、深色的莓果韻味、栗子、黑巧克力與烤榛果的風味、 Body 相當紮實，尾韻也有著滑順的牛奶的乳脂感與黑糖的甜蜜滋味。",,,,,
'圓石' December, 2015,347,58,110,330,170,哥斯大黎加,Costa Rica,塔拉珠 龐特 南方莊園, Tarrazu Puente El Sur Farm,白蜜處理,White Honey,Caturra,檸檬、柑橘水果酸質、杏仁香氣、烤榛果、橙花水風味,,,,,
'聯傑' November, 2015,362,61,115,335,175,宏都拉斯,Honduras,聖文森處理廠 薩卡斯圖梅小農,Familia Sagastume ,水洗,Washed,Parainema,蕃茄、葡萄、西瓜、萊姆，細膩酸質餘韻柔和。,,,,,
'聯傑' October, 2015,2102,351,455,1220,620,巴拿馬,Panama,波奎特 鄧肯莊園 藝伎 日曬,Boquete Duncan,日曬,Natural,Geisha ,鮮花、多汁、蜂蜜、香草、複雜細緻的酸度、均衡且風味細膩,,,,,
'圓石' January, 2016,472,79,135,395,205,峇里島,Bali,卡拉娜  金塔瑪妮火山 烏布處理場,Karana Kintamani,日曬,Natural,  ,鳳梨，草莓的甜味，酸質圓滑豐富、黑糖、黑巧克力、榛果甜、日曬的熟果風味,,,,,
'圓石' March, 2016,385,65,135,360,185,哥斯大黎加,Costa Rica,西部谷地 薩拉卡莊園,West Valley Monte Brisas Salaca,紅蜜處理,Red Honey,Villalobos,焦糖、黑巧克力、核桃露的甜蜜滋味、中段帶著些許的柑橘、香吉士果酸，低溫為溫潤的柳橙與菊花茶，Body 非常紮實渾厚，平衡感與細膩兼具,,,,,
'聯傑' March, 2016,312,52,125,335,175,衣索比亞 ,Ethiopia,西達摩 雅笛, Sidamo Ardi,日曬 ,Natural, G1,芒果乾、野莓、熱帶水果、複雜的層次、細膩多汁的酸度、活潑的口感,,,,,
'美妙山' November, 2015, 395, 66, 120,360,185,緬甸,Myanmar ,葡萄歐 2800m, Putao 2800m, 日曬, Natural,  
'聯傑' November, 2015,452,76,130,390,200,肯亞,Kenya,冽里  加圖麗麗,Nyeri Gaturiri ,水洗,Washed,AA,葡萄柚香氣、紫色梅果調、蔓越梅、餘韻細膩、酸質迷人。,,,,,
"榮豆 May, 2016",475,80,150,400,205,尼加拉瓜 ,Nicaragua,檸檬樹莊園 帕卡馬拉,Fincas Mierisch Limoncillo Pacamara ,日曬 ,Natural,SHG,熱帶水果與香料的香氣，沖水後水果乾與發酵類的水果香氣樸鼻而來，啜吸時可以感覺到葡萄、香料的風味，Body厚實與黑糖的甜感,,,,,
"榮豆 May, 2016",472,79,135,395,205,尼加拉瓜 ,Nicaragua ,基督山莊園 伊索莎奇,Finca Cerro de Jesus,水洗,Washed ,Ethiosarch ,柑橘、檸檬、果汁感飽滿、蔗糖,,,,,
'圓石' March, 2016,357,60,120,330,170,巴西,Brazil,南米納斯 聖泰奧之地莊園 艾爾森小農,Sitio Sertaozinho Elson Benedito Daniel ,日曬 ,Natural,Yellow Bourbon,草本植物香氣以及佛手柑香氣，杏仁核果韻味。柳橙，鳳梨的香甜感，青蘋果皮及麥芽糖香氣，中後段為甜美的水果酒香氣，層次與平衡都有十分優質的表現。,,,,,
'圓石' April, 2016,327,55,125,320,165,薩爾瓦多, Salvador,綠色山丘莊園 波波龍處理廠,Monte Verde Ciprese Farm El Borbollon,日曬 ,Natural,波旁種,優質的葡萄酒酸值，非常多汁的水果酸甜感，糖漿般的甜美質地，紫葡萄、櫻桃汁、複雜的漿果風味與細緻的日曬感、令人耳目一新的日曬薩爾瓦多生豆。,,,,,
'聯傑' June, 2016,347,58,125,330,170,瓜地馬拉,Guatemala ,花神 貝拉卡摩娜,Antigua Bella Carmona,水洗,Washed,,溫帶水果、蘋果清香、堅果、奶油、焦糖、甜檸檬、甜感圓潤,,,,,
"圓石 June, 2016",552,92,170,450,230,哥倫比亞,Colombia ,薇拉 聖阿洛夫小農,Huila San Adlofo,水洗,Washed, Pink Bourbon,"水果氣息、香吉士、蘋果皮、藍莓、甜橙、水蜜桃、細致的花香、櫻桃甜",,,,,
'圓石' April, 2016,362,61,145,370,190,衣索比亞 耶加雪啡,Ethiopia Yirgacheffe,沃卡合作社,Worka,水洗,Washed, G1,鮮明的花香、乾香與濕香都有濃郁柑橘氣息、前段有著檸檬、金桔、白葡萄汁等等多采多姿的風味、中後段則是濃郁的柑橘酸甜、像是汽水般的豐富甜感、個性鮮明,,,,,
'聯傑' April, 2016,377,63,135,365,190,衣索比亞 ,Ethiopia, 西達摩 班莎合作社, Sidamo OCR Bensa,日曬 ,Natural,G3 紅櫻桃計劃,鳳梨、芒果、桃子類調性、熱帶水果、葡萄乾香氣、蜂蜜般的甜美、厚實口感,,,,,
'聯傑' April, 2016,257,43,105,280,145,哥倫比亞,Colombia ,卡勒達斯省 瓜美拉莊園,Caldas La Guamera Estate,水洗,Washed,,焦糖、蘋果、堅果糖味、略帶水果香氣、口感厚實,,,,,
'聯傑' January, 2016,317,53,110,330,170,衣索比亞 耶加雪啡,Ethiopia Yirgacheffe,科契爾,Kochere,水洗,Washed,G1,香瓜、可可、檸檬、柑橘、生薑、香料茶、淡花香,,,,,
'圓石' April, 2016,432,72,155,400,205,衣索比亞 耶加雪啡,Ethiopia Yirgacheffe,沃卡合作社  阿迪蘇小農,Worka  Addisu Kidane,日曬 ,Natural,    G1,新鮮的莓果乾香與玫瑰花香、濕香也有著藍莓果醬與甜膩的糖蜜的氣息、入口是厚實的草莓、葡萄汁、可可等等風味、中低溫時酸質轉為清亮的金桔、甜橙、綠檸檬滋味,,,,,
'圓石' March, 2016,327,55,120,330,170,肯亞,Kenya,冽里 蘆瑟加堤,Nyeri Ruthagati ,水洗,Washed,AA,烏梅、 櫻桃、 紫葡萄等深色漿果的酸甜風味、 無花果、 蜜餞、口感甜度兼具、 風味紮實且個性突出 。,,,,,
"興田 May, 2016",377,63,135,365,190,衣索比亞 耶加雪啡,Ethiopia Yirgacheffe,  孔加 阿格西小農, Konga Abeyot Ageze,日曬,Natural,   G1,莉花香、茉莉檸檬皮、紅茶、香瓜、檸檬柑橘調、野薑花、細膩多汁。,,,,,
"榮豆 May, 2016",935,156,235,630,320,哥倫比亞,Colombia ,棕梠樹與大嘴鳥莊園,La Palma \& El Tucan,乾式發酵蜜處理,Honey ,,花香、蜂蜜肉桂香料香氣、紮實的焦糖口感與蜂蜜滋味有著完美的結合，黑蜜李、金黃番茄、麝香葡萄果實，整體酸質相當內斂、平衡感絕佳。,,,,,
'圓石' April, 2016,322,54,125,320,165,蒲隆地  ,Burundi, 帕恩甲  揚格威峰 ,Kayanza Kabuye SEGEC Mpanga Nyangwe,水洗,Washed, 波旁種, '萊姆，柑橘，仙楂，檸檬養樂多，優格，線條明確銳利，明亮而個性鮮明，晶瑩剔透而仍保有深度。,,,,,
"榮豆 May, 2016",855,143,220,590,300,哥倫比亞,Colombia ,希望莊園 摩卡品種,La Esperanza Mokka ,蜜處理,Honey,,"細緻的花香、金銀花、山銀花的香 氣、橙皮、蘋果、櫻桃果酸、 胡桃 木芳香、焦糖蘋果、薄荷巧克力、 甜甘蔗的後韻、圓潤精緻的滋味。",,,,,
"榮豆 May, 2016",432,72,155,400,205,衣索比亞 ,Ethiopia,卡法 比塔莊園,Kaffa Natural Bitta Farm ,日曬 ,Natural ,G1,磨豆時散發出黑巧克力的香氣，沖水後微微發酵類的水果香氣樸鼻而來，啜吸時可以感覺到巧克力、胡椒、水果乾的風味，厚實的口感、黑糖的甜美。,,,,,
'榮豆' March, 2016,492,82,155,430,220,衣索比亞 耶加雪啡,Ethiopia Yirgacheffe,沃卡合作社  阿力馬優小農,Worka Alemayu Alako,日曬,Natural,   G1,橙色水果、柑橘、新鮮莓果調、黑醋栗、糖漿、花朵香氣、青蘋果般的明亮酸度、可可、滑順口感,,,,,
'圓石' April, 2016,432,72,155,400,205,衣索比亞 耶加雪啡,Ethiopia Yirgacheffe,沃卡合作社  波家立小農,Worka  Bogale Turiku ,日曬 ,Natural,    G1,鮮明奔放的玫瑰花、梔子花香、入口充滿藍莓、黃檸檬、水蜜桃與非常甜膩的水果 軟糖風味、中後段還有佛手柑、整體風味相當迷人、餘韻的熱帶水果氣息也相當持 久。,,,,,
'聯傑' March, 2016,442,74,150,400,205,衣索比亞 耶加雪啡,Ethiopia Yirgacheffe,艾迪朵合作社,Idido Coop,水洗,Washed, G1,萊姆、黑醋栗、鮮花、香料、豐富明亮的酸度、層次分明、輕柔細膩的口感,,,,,
'圓石' October, 2015,422,71,125,350,180,巴拿馬,Panama,情聖莊園,Finca La Valentina,水洗,Washed,Typica,萊姆、柳橙、花香、橘子糖果甜感、層次感豐富、紮實感及滑順口感,,,,,
"圓石 June, 2016",372,62,130,350,180,尼加拉瓜 ,Nicaragua,安納雅碧  馬拉卡杜拉 ,Ana Maria Albir Maracaturra ,水洗,Washed,,"香草與清香的花草氣息、奶油的香甜與滑順口感、青蘋果酸質、風漬果乾的甜味、整體質地相當圓潤、餘韻綿長。",,,,,
"圓石 June, 2016",337,57,130,350,180,衣索比亞 耶加雪啡,Ethiopia Yirgacheffe,金蕾娜安芭雅,Gelana Abaya ,日曬,Natural,G1,新鮮花香、藍莓，檸檬、金桔、柚子冰茶、水蜜桃鮮甜。,,,,,
"圓石 June, 2016",282,47,115,300,155,坦尚尼亞 ,Tanzania,穆波席 牧桑格拉村,Mbozi Masangala Village,水洗,Washed,,溫潤的柑橘與柳橙，核果、榛果、巧克力、花生醬的香甜滋味,,,,,
'興田 August, 2016',312,52,125,330,170,印尼 蘇門答臘,Indonesia Sumatra ,藍湖曼特寧,Blue Batak Mandheling,半水洗,Giling Basah,G1,藥草、肉桂類香料、橙柚類果皮氣息、醇厚濃郁甜感、奶油核桃巧克力，如糖漿般的圓潤入喉、酸味低，香氣特殊，深長的後韻
"榮豆 May, 2016",475,80,150,400,205,尼加拉瓜 ,Nicaragua,奇蹟莊園 爪哇尼卡,Fincas Mierisch Milagros Javanica,蜜處理,Honey,SHG,"花香，嫩薑、香料的香氣，沖水後栗子的香氣樸鼻而來，啜吸時可以感覺到奶油、乾燥類水果的風味，花蜜與果汁的甜感。",,,,,
"圓石 August, 2016",222,37,100,270,140,哥倫比亞,Colombia ,托利馬 普蘭娜達斯,Tolima Planadas Select,水洗,Washed,, 仙楂與烏梅的香氣，巧克力與焦糖的豐厚甜感，入口有著葡萄柚果汁與櫻桃果肉的酸甜滋味，中後段甜感豐富，餘韻是乾淨細膩的高山茶香。,,,,,
"圓石 August, 2016",272,46,115,300,155,印尼 ,Indonesia,蘇拉維西 托拿家,Sulawesi  Kalosi Toraja ,水洗,Washed,G1, 黑糖、烤松子，焦糖與黑巧克力苦韻，烤堅果與甜藥草風味，口感厚實，焦糖爆米花風味。,,,,,
"榮豆 May, 2016",555,93,165,440,225,哥倫比亞,Colombia ,聖徒阿里歐莊園 愛情靈藥,Finca Santuario Heliconias Red Bourbon,水洗,Washed,Excelso,玫瑰花香、水果汁、橘子、花香、李子、蜂蜜、厚實,,,,,
"榮豆 May, 2016",475,80,150,400,205,肯亞,Kenya,冽里 露奇拉,Nyeri Rukira  ,水洗,Washed,AA,花香、草莓、水蜜桃香氣。中段核果香。 橘子、綠色奇異果酸香、黃金奇異果香氣！細緻溫柔明亮酸感,,,,,
'圓石' April, 2016,432,72,155,400,205,衣索比亞 耶加雪啡,Ethiopia Yirgacheffe,艾迪朵合作社,Idido Coop,日曬 ,Natural,    G1,新鮮的莓果乾香與玫瑰花香、濕香也有著藍莓果醬與甜膩的糖蜜的氣息、入口是厚實的草莓、葡萄汁、可可等等風味、中低溫時酸質轉為清亮的金桔、甜橙、綠檸檬滋味,,,,,
'圓石' April, 2016,432,72,155,400,205,衣索比亞 耶加雪啡,Ethiopia Yirgacheffe,阿洛默,Aramo Station,日曬 ,Natural,    G1,新鮮的莓果乾香與玫瑰花香、濕香也有著藍莓果醬與甜膩的糖蜜的氣息、入口是厚實的草莓、葡萄汁、可可等等風味、中低溫時酸質轉為清亮的金桔、甜橙、綠檸檬滋味,,,,,
"榮豆 May, 2016",377,63,135,365,190,衣索比亞 耶加雪啡,Ethiopia Yirgacheffe, 杜梅索合作社, Dumerso Coop,水洗,Washed,   G1,莉花香、茉莉檸檬皮、紅茶、香瓜、檸檬柑橘調、野薑花、細膩多汁。,,,,,
'聯傑' June, 2016,477,80,160,420,215,衣索比亞 耶加雪啡,Ethiopia Yirgacheffe,沃卡  加吉魯小農,Worka Coop Gelgelu Adame,日曬,Natural,   G1,鳳梨、芒果乾、香料調性、葡萄乾、蜂蜜般的甜美、可可滑順口感,,,,,
'聯傑' March, 2016,492,82,155,430,220,衣索比亞 耶加雪啡,Ethiopia Yirgacheffe,沃卡合作社  阿利姆小農,Worka Alemu Tukula GP,日曬,Natural,   G1,橙色水果、柑橘、新鮮莓果調、黑醋栗、糖漿、花朵香氣、青蘋果般的明亮酸度、可可、滑順口感,,,,,
"圓石 June, 2016",382,64,135,360,185,肯亞,Kenya,奇安布 亞拉莊園,Kiambu Yara,水洗,Washed,AA,黑莓、葡萄、黑醋栗、茂谷柑、黑李、葡萄酒感。,,,,,
"圓石 August, 2016",362,61,140,370,190,衣索比亞 耶加雪啡,Ethiopia Yirgacheffe,阿洛默 阿冽瑪悠伯哈努, Aramo Alemayehu Berhanu,水洗,Washed,G1, 茉莉花、黃檸檬、橘皮，青蘋果，水果茶、伯爵紅茶。,,,,,
"圓石 October, 2016",442,74,155,410,210,衣索比亞 耶加雪啡,Ethiopia Yirgacheffe, 罕貝拉莊園 單一農場日,Hambela Benti Nenqua SFP,單層慢速乾燥  日曬,SLD,G1,熱帶水果，柑橘，鳳梨香，桃子。花香與藍莓。,,,,,
"聯傑 September, 2016",372,62,135,360,185,哥斯大黎加,Costa Rica,寶藏莊園 里瓦斯人處理場, Brunca La Guaca Catuai ,黑蜜,Black Honey,,雪莉酒、風乾莓果調、紫葡萄、甜櫻桃、香瓜、糖蜜、香草、桃子,,,,,
"守成(團) October, 2016",320,54,120,320,165,瓜地馬拉,Guatemala ,拉米尼塔 花神,La Minita La Flor,水洗,Washed,SHB,花香，酸性柔和，巧克力，乾淨明亮,,,,,
"圓石 August, 2016",422,71,150,400,205,衣索比亞 耶加雪啡,Ethiopia Yirgacheffe, 歌迪貝 單一農場, Gedeb  SFP  Lot 118,單層慢速乾燥 ,SLD,G1,水蜜桃香，水果糖，草莓、香瓜、鳳梨風味,,,,,
"萬友 December, 2016",235,40,105,280,145,哥倫比亞,Colombia ,小飛象, Dumbo,水洗,Washed,Supremo ,核果，香草，堅果，巧克力，焦糖,,,,,
"聯傑 September, 2016",227,38,105,280,145,瓜地馬拉,Guatemala ,阿卡特南果 美妙莊園,Acatenango Finca La Hermosa,水洗,Washed,,可可調、香草、杉木、香料香氣、平衡輕柔,,,,,
"圓石 January, 2017",1122,187,335,900,455,哥倫比亞,Colombia ,希望莊園  花見 藝伎,La Esperanza Hanami,水洗,Washed,Geisha,花香，水蜜桃，藍莓、柑橘、薰衣草，伯爵紅茶,,,,,
"圓石 January, 2017",1867,312,485,1300,655,巴拿馬,Panama,波魁特 露易斯家族 柏林娜莊園 藝伎,Boquete Ruiz Berlina Reserva,蜜處理,"  Honey ",Geisha,花香、檸檬、柑橘、藍莓、桃子、香吉士、葡萄柚,,,,,
"圓石 October, 2016",472,79,155,410,210,哥斯大黎加,Costa Rica,索諾拉莊園,Sonora  Alberto Guardia,日曬,Natural,,草莓、藍莓、桃子、酒香、花香、薰衣草涼感、肉桂及芒果皮尾韻,,,,,
"圓石 October, 2016",342,57,130,360,185,衣索比亞 耶加雪啡,Ethiopia Yirgacheffe,潔蒂普 , Gedeb  ,日曬,Natural,G1, 橙橘、茉莉、檸檬糖、蜂蜜、乳香、奶油巧克力,,,,,
"圓石 October, 2016",427,72,150,400,205,衣索比亞 耶加雪啡,Ethiopia Yirgacheffe, 罕貝拉莊園 單一農場水,Hambela Benti Nenqua SFP,單層慢速乾燥  水洗,SLD,G1,雞蛋花，柑橘，奇異果香，藍莓，水蜜桃，蜂蜜。,,,,,
"圓石 October, 2016",407,68,145,390,200,衣索比亞 西達摩,Ethiopia Sidamo,杭古特合作社, Hunkute Coop ,水洗,Washed,G1,咖啡花香、梔子花香、檸檬、柑橘、佛手柑、蜂蜜、甜橙，線條清晰、餘韻如百花園般浪漫綿長。,,,,,
"圓石 October, 2016",337,57,130,350,180,衣索比亞 耶加雪啡,Ethiopia Yirgacheffe,艾瑞莎, Aricha,日曬,Natural,   G1,藍莓、桃子、花香，柑橘，蜂蜜檸檬綠茶。,,,,,
"圓石 November, 2016",427,72,150,400,205,衣索比亞 耶加雪啡,Ethiopia Yirgacheffe,班可   果丁丁合作社, Banko Gotiti ,日曬,Natural,G3,藍莓，甜芒果、百香果、鳳梨、草莓奶酒，平衡感佳，尾韻甜美,,,,,
"Fb  December, 2016",237,40,110,290,150,哥倫比亞,Colombia ,考卡 羅倫娜莊園,Valle del Cauca  Laurina,水洗,Washed,Supremo ,堅果、口感飽滿，香草植物、檸檬萊姆香氣,,,,,
"圓石 January, 2017",412,69,145,380,195,哥倫比亞,Colombia ,棕梠樹與大嘴鳥莊園  路易斯‧聖多士,La Palma \& El Tucan  Luis Santos,雙重發酵處理法, Mixed Process ,,焦糖、橘子，情人果，李子、蘋果、黑可可,,,,,
"聯傑 September, 2016",362,61,140,370,190,衣索比亞 耶加雪啡,Ethiopia Yirgacheffe,孔加合作社,Konga Mekuria Mergia,水洗,Washed,G1,花香、黃檸檬、澳檀、紅茶韻、酸質豐富柔滑,,,,,
"圓石 October, 2016",382,64,145,380,195,衣索比亞 耶加雪啡,Ethiopia Yirgacheffe,果丁丁 阿利姆布卡托, Gutiti  Alemu Bukato,日曬,Natural,G1,草莓、藍莓、水蜜桃、柑橘，咖啡花香，桃子酒香,,,,,
"臉書 March, 2017",592,99,180,480,245,葉門,Yemen,瑪塔利 No.9, Bany Matar Mattari N0.9,日曬 ,Natural,,狂野原始風味，紅酒般發酵香，微苦甜巧克力，熟果香,,,,,
"守成 January, 2017",302,51,115,310,160,哥斯大黎加,Costa Rica,拉米尼塔 木蘭花,La Minita La Magnolia,水洗,Washed,SHB,蜂蜜堅果、梅子、百香果，蔗糖，清柔均衡,,,,,
"守成 Febuary, 2017",232,39,100,260,135,坦尚尼亞 ,Tanzania,吉力馬扎羅火山,Kilimanjaro,水洗,Washed,AA,橘子、柚子、榛果、杏仁、麥芽、甘蔗,,,,,
"黑金 March, 2017",357,60,130,350,180,衣索比亞 耶加雪啡,Ethiopia Yirgacheffe,孔加合作社,Konga,日曬 ,Natural,G1,草莓、藍莓、檸檬、香草冰淇淋、熱帶水果,,,,,
"圓石 January, 2017",442,74,145,390,200,哥倫比亞,Colombia ,希望莊園,La Esperanza,日曬 ,Natural,,酒香，花香，鳳梨、龍眼、黑李、黑醋栗、百香果，果酸明亮,,,,,
"圓石 December, 2016",447,75,155,410,210,衣索比亞 耶加雪啡,Ethiopia Yirgacheffe, 罕貝拉 布穀 單一農場,Hambela Buku SFP,單層慢速乾燥  日曬,SLD,G1,百香果，芒果，鳳梨，玫瑰，水蜜桃，白葡萄。,,,,,
"圓石 January, 2017",347,58,135,350,180,衣索比亞, Ethiopia, 西達摩 所羅門蓋圖,Sidamo Chuchu Solomon Getu,日曬 ,Natural,,雞蛋花、藍莓、桃子、綠茶、橘皮、檸檬愛玉,,,,,
"圓石 October, 2016",427,72,145,380,195, 肯亞 , Kenya , 穆蘭納區 剛鐸處理廠 , Murang'a Gondo , 水洗 , Washed , AA ,葡萄柚，黑莓，蜂蜜，柑橘，黑醋栗，李子，烏梅,,,,,
"圓石 October, 2016",382,64,145,380,195,衣索比亞 耶加雪啡,Ethiopia Yirgacheffe,科契爾  杜梅索2016,Kochere Dumerso2016,日曬,Natural,G1, 花香草莓，紫葡萄，金桔與檸檬茶，巧克力蛋糕氣息。,,,,,
"圓石 December, 2016",347,58,135,360,185,衣索比亞 耶加雪啡,Ethiopia Yirgacheffe,科契爾 畢洛亞n ,Kochere Biloya,日曬,Natural,G1,莓果、柑橘、百香果、哈密瓜、桃子、鳳梨、花香,,,,,
"圓石 December, 2016",362,61,130,340,175,巴拿馬,Panama,沃肯  龐畢度莊園,Volcan Bambito Estate,水洗,Washed,Catuai,香吉士，香草，奶油，卡士達，柑橘，蘋果。,,,,,
"Fb  December, 2016",462,77,150,400,205,尼加拉瓜 ,Nicaragua,安晶莊園 Caturra,Tres Soles Est.Caturra,日曬,Natural,,莓果調、李子、蘋果、甜瓜及鳳梨、芒果、百香果,,,,,
"圓石 January, 2017",412,69,145,380,195,哥倫比亞,Colombia ,棕梠樹與大嘴鳥莊園  瑪格莉特‧拉米雷斯,La Palma \& El Tucan Margarita RamiRez,雙重發酵處理法,Mixed Process ,,蜂蜜，橘子皮，花香，葡萄酒，蜜李、梅子、石榴,,,,,
"臉書 March, 2017",272,46,115,300,155,瓜地馬拉,Guatemala ,安提瓜 帕斯托羅斯,Antigua Las Pastores,水洗,Washed,SHB,茶香、奶油、冷杉、焦糖、蜂蜜、榛果,,,,,
"圓石 January, 2017",267,45,110,280,145,巴紐,Papua New Guinea,瓦吉谷地 奇邁爾莊園 ,Wahgi Valley Kimel,水洗,Washed,AA,焦糖、奶油、甘蔗、葡萄柚、黑糖糕、糖漬金棗,,,,,
"守成 Febuary, 2017",252,42,100,270,140,巴西,Brazil,依帕內瑪 甜蜜日曬,Sul de Minas Ipanema Dulce,日曬 ,Natural,,柑橘香，堅果、可可、口感厚甜,,,,,
"LEVELUP January, 2017",502,84,160,430,220,衣索比亞 耶加雪啡,Ethiopia Yirgacheffe,狄馬哲德 絕計,Drima Zede,日曬,Natural,LevelUp,藍莓、熟果甜香、柑橘、水蜜桃、可可。,,,,,
"LEVELUP January, 2017",502,84,160,430,220,衣索比亞 耶加雪啡,Ethiopia Yirgacheffe,杜梅索 丹奇夢,Dumerso Danch Meng,日曬 ,Natural,LevelUp,覆盆莓，藍莓，紅酒，梅子，花香，可可。,,,,,
"聯傑 September, 2016",472,79,155,410,210,瓜地馬拉,Guatemala ,薇薇特南果 翡冷翠莊園,Huehetenango Finca Florencia ,水洗,Washed,Pacamara,葡萄酒、香料、焦糖、紅茶、深色莓果、萊姆,,,,,
"圓石 November, 2016",392,66,145,380,195,衣索比亞 耶加雪啡,Ethiopia Yirgacheffe,沃卡 哈洛巴利迪, Worka Halo Bariti,日曬,Natural,G3,檸檬，藍莓，花香，水蜜桃，香氣豐富，層次多變,,,,,
"圓石 December, 2016",527,88,165,440,225,巴拿馬,Panama,火石莊園 卡度艾 09批次,Piedra de Candela Jurutungo,蜜處理,Honey,Catuai,橘子、檸檬、柚子、蔓越莓乾、綠茶。,,,,,
"圓石 December, 2016",467,78,150,400,205,哥斯大黎加,Costa Rica, 拉斯拉哈斯莊園 黑珍珠 ,Central Valley Las Lajas Perla Negra,日曬,Natural,黑珍珠,柑橘、百香果、鳳梨，葡萄酒與蜂蜜香，檸檬綠茶風味,,,,,
"圓石 December, 2016",337,57,130,350,180,衣索比亞 耶加雪啡,Ethiopia Yirgacheffe,科契爾 畢洛亞w ,Kochere Biloya,水洗,Washed,G1,柚子、香吉士、茉莉花、檸檬皮香氣、葡萄柚綠茶,,,,,
"黑金 April, 2017",312,52,130,350,180,印尼 蘇門答臘,Indonesia Sumatra ,瓦哈娜莊園,Wahana Mandheling ,日曬 ,Natural,,熱帶水果、哈蜜瓜、鳳梨、胡椒、發酵酒香、櫻桃巧克力,,,,,
"臉書 March, 2017",367,62,135,360,185,印度,India,東高止山 阿魯谷,Araku Valley,水洗,Washed,羅米蘇丹 Rume Sudan,焦糖、蜂蜜香、黑巧克力、蜜桃、香草,,,,,
"圓石 January, 2017",632,106,185,490,250,巴拿馬,Panama,哈特曼莊園,Finca Hartmann,酒香日曬,Winey,Pacamara,花香、香料，草莓酒、桃子、波羅蜜、鳳梨、百香果,,,,,
"圓石 March, 2017",302,51,120,320,165,衣索比亞 ,Ethiopia , 古吉 烏拉嘎 亞比圖科巴,Guji Uraga Yabitu Koba,水洗,Washed,G1,檸檬皮、柳橙、花香、佛手柑、紅茶,,,,,
"聯傑 March, 2017",447,75,150,400,205,哥倫比亞,Colombia ,安提奧基亞 海萊拉莊園,Antioquia Herrera,水洗,Washed,Antioquia Best Cup,花香、白葡萄汁、蜂蜜、奶油、柑橘、水果軟糖,,,,,
"聯傑 December, 2016",417,70,145,380,195,宏都拉斯,Honduras,  小樹莊園,Comayagua El Retoño,日曬,Natural,,龍眼乾 、紅色莓果、蜜餞、熱帶水果,,,,,
"圓石 January, 2017",332,56,130,330,170,肯亞 ,Kenya,凱莉米庫,Kirinyaga Karimikui,水洗,Washed, AB ,烏梅，洛神花，山楂，甘草，蜂蜜，糖漬橙皮,,,,,
"LEVELUP January, 2017",592,99,180,480,245,衣索比亞 耶加雪啡,Ethiopia Yirgacheffe,洛米塔夏,Lomi Tasha,水洗,Washed,LevelUp,花香、金桔檸檬、茉莉綠茶、奇異果、養樂多,,,,,
"喜糖 Febuary, 2017",357,60,130,340,175,薩爾瓦多,Salvador,勇士莊園,San Carlos,水洗,Washed,SHG,巧克力、檸檬、西瓜、橘子、太妃糖、榛果奶油,,,,,
"聯傑 January, 2017",242,41,105,270,140,哥斯大黎加,Costa Rica,伏流 唐路卡斯莊園, Tarrazu Bajo del Rio Don Lucas,水洗,Washed,,奶油堅果甜、咖啡漿果、新鮮回甘茶感、可可調,,,,,
"喜糖 March, 2017",282,47,115,300,155,秘魯,Peru,安地斯駱馬,Lambayeque,水洗,Washed,Typica/Bourbon,黑櫻桃、葡桃柚、微果酸甜、回甘滑順,,,,,
"圓石 April, 2017",437,73,145,390,200,巴拿馬,Panama,哈特曼莊園C,Finca Hartmann,酒香日曬,Winey,卡杜拉,水果酒、香料、日曬莓果、熱帶水果、桃子,,,,,
"臉書 March, 2017",412,69,135,360,185,肯亞 ,Kenya,盧瓦坎芭,Murang'a Rwaikamba,水洗,Washed,AA,葡萄柚、梅子、蜂蜜、橘皮、黑醋栗、李子、黑莓,,,,,
"萬友 March, 2017",287,48,115,310,160,衣索比亞 ,Ethiopia ,利姆  季洛,Limu Gera,水洗,Washed,G1,花香、蘋果、蘆薈、金桔、層次多變,,,,,
"圓石 April, 2017",312,52,130,350,180,衣索比亞 耶加雪啡,Ethiopia Yirgacheffe,科契爾  杜梅索,Kochere Dumerso,日曬 ,Natural,G1,金桔檸檬、佛手柑、茉莉、桃子、藍莓、紅茶,,,,,
"聯傑 May, 2017",367,62,135,360,185,衣索比亞 耶加雪啡,Ethiopia Yirgacheffe,丘壩村 紅櫻桃,Chelba  OCR,日曬 ,Natural,G3,花香、柑橘、野莓、甜菊、蜂蜜、豐富酸質,,,,,
"圓石 April, 2017",442,74,150,400,205,巴拿馬,Panama,達馬俐N\#1,Boquete Damarli,日曬 ,Natural,,桃子、百香果、黑糖、橘子、李子、杏仁、葡萄柚,,,,,
"圓石 April, 2017",412,69,145,380,195,巴拿馬,Panama,達馬俐W\#2,Boquete Damarli,水洗,Washed,,黑莓、黑棗、水梨甜感、柳橙、莓果尾韻,,,,,
"圓石 April, 2017",362,61,135,360,185,巴拿馬,Panama,哈特曼 長尾鵑,Finca Hartmann Red Trogon,酒香日曬,Winey,,草莓、桃子、檸檬、柑橘、櫻桃酒,,,,,
"圓石 March, 2017",357,60,130,350,180,肯亞 ,Kenya,奇昂德瑞處理廠,Muranga Kianderi,水洗,Washed, AB ,梅子、葡萄柚、烏梅、檸檬、金桔、些許花香,,,,,
"萬友 April, 2017",272,46,115,300,155,坦尚尼亞 ,Tanzania,托加,Tweega,水洗,Washed,,黑醋栗，葡萄柚，麥芽糖，厚實度佳,,,,,
"守成 July, 2017",667,112,190,510,260,哥斯大黎加,Costa Rica,拉斯拉哈斯莊園 黃鑽,Finca Las Lajas Yellow Diamond,黃鑽,Honey,SHB,蜜桃、波蘿蜜汁、酒香，水果酒酸甜，口感飽滿,,,,,
"守成 July, 2017",667,112,190,510,260,巴拿馬,Panama,驢子莊園 非洲棚架日曬,Elida El Burro Estate,日曬,Natural,SHB,黑莓、葡萄乾、葡萄酒、巧克力，口感厚實,,,,,
"臉書 March, 2017",277,47,115,310,160,哥倫比亞,Colombia ,那玲瓏,Narino. Condors,水洗,Washed,,巧克力、莓果香，油脂稍多，乾淨度佳
"圓石 March, 2017",307,52,120,320,165,哥倫比亞,Colombia ,考卡 索塔納008,Cauca Regional Select Sotara,水洗,Washed, Lot 008,橘子汁、桃子清香、青梅、麥芽糖,,,,,
"臉書 March, 2017",162,27,90,240,125,印度,India,皇家羅布斯塔,Kaapi Royale,水洗,Washed,,花生醬、榛果醬、核桃、花生、小麥、榖物,,,,,
"宸嶧 April, 2017",362,61,135,360,185,肯亞 ,Kenya,奔傑若,Mbunjero,日曬,Natural,AA,蘋果、水果、紅茶、糖漿、香草,,,,,
"宸嶧 April, 2017",392,66,145,380,195,衣索比亞 ,Ethiopia ,利姆 \#3, Limu AFCA\#3,日曬 ,Natural,G1,草莓、百香果、酒香熟果、巧克力、厚實綿長,,,,,
"守成 April, 2017",197,33,100,260,135,瓜地馬拉,Guatemala ,薇薇特南果,Huehuetenango,水洗,Washed,SHB,溫帶水果、甜桃、巧克力、柑橘茶,,,,,
"聯傑 July, 2017",317,53,120,320,165,巴拿馬,Panama,瓦肯 神曲莊園,Volcan Los Cantares,水洗,Washed,,甜蘋果、焦糖、橘皮、甜瓜、牛奶、巧克力,,,,,
"圓石 July, 2017",352,59,130,350,180,衣索比亞,Ethiopia ,古吉 塔莎亞 紫風鈴,Guji Shakisso Dasaya,日曬,Natural,G1,草莓、藍莓、紫蘿蘭、百香果、桃子、葡萄果汁,,,,,
" July, 2017",602,101,185,490,250,衣索比亞,Ethiopia ,班其馬吉 貝貝卡 ,Bench Maji Bebeka,日曬,Natural,藝伎原生種,莓果味、柑橘、白葡萄、茉莉花香,,,,,
"源友  July, 2017",407,68,145,380,195,衣索比亞,Ethiopia ,古吉 凱樂,Guji Kara,日曬,Natural,G1,鳳梨、熱帶水果、焦糖、草莓,,,,,
"黑沐 August, 2017",442,74,170,450,230,馬拉威,Malawi,姆祖祖安康山 藝伎,Muzuz Geisha,水洗,Washed,AA,杏桃、白柚、萊姆、花果香、甜香料、莓果酸,,,,,
"圓石 April, 2017",412,69,145,380,195,巴拿馬,Panama,達馬俐\#1,Boquete Damarli,水洗,Washed,,黑莓、黑李、柳橙、橘皮、黑糖,,,,,
"聯傑 July, 2017",267,45,115,300,155,哥斯大黎加,Costa Rica,塔拉珠 鑽石山 ,Tarrazu Montanas Diamante,紅蜜,Honey,SHB,甜棗、紅糖、甘蔗、焦糖、可可、圓潤滑順,,,,,
"守成(團) October, 2016",320,54,120,320,165,瓜地馬拉,Guatemala ,拉米尼塔 花神,La Minita La Flor,水洗,Washed,SHB,花香，酸性柔和，巧克力，乾淨明亮,,,,,
"圓石 April, 2017",397,67,145,380,195,肯亞 ,Kenya,冽里  歐薩亞合作社  加圖雅尼,Nyeri Othaya FCS Gatuyaini,水洗,Washed,AA,梅子、檸檬甜香，烏梅、柑橘、蜂蜜、柚子,,,,,
"圓石 April, 2017",452,76,155,410,210,肯亞 ,Kenya,麒麟雅嘉區  巴拉格威合作社  古馬,Kirinyaga Baragwi FCS Guama,水洗,Washed,PB TOP,薰衣草、葡萄柚、柑橘、黑莓 (cr97分),,,,,
"圓石 July, 2017",297,50,130,340,175,衣索比亞 耶加雪啡,Ethiopia Yirgacheffe,孔加 哈亞特,Konga Hayat,水洗,Washed,   G1,雞蛋花、藍莓、桃子、萊姆、柚子、檸檬皮香,,,,,
"圓石 April, 2017",397,67,145,380,195,肯亞 ,Kenya,奇安布區  科摩泰合作社 克希盧伊尼,Kiambu Komothai FCS Gathiruini,水洗,Washed,AA TOP,柑橘、檸檬、葡萄柚、紅莓、優酪乳、蜂蜜,,,,,
"聯傑 May, 2017",337,57,130,350,180,衣索比亞 耶加雪啡,Ethiopia Yirgacheffe,荷芙莎合作社,Harfusa Coop,水洗,Washed,G1,鮮花、杏桃、糖蜜、焦糖、紅茶、可可、酸質明亮,,,,,
"聯傑 June, 2017",487,82,160,420,215,哥斯大黎加,Costa Rica,西部谷地 薩拉卡莊園,West Valley Monte Brisas Salaca,日曬,Natural,VillaLobos, 水果調、梅子、紅糖、乳香、酸質甜美多汁、柔滑口感,,,,,
'配方' September, 2015,330,55,100,290,150,當季精選 ,Sesonal ,冰滴特調 ,Specialty Blend for Cold Drip,,,,,,,,,
"聯傑 June, 2017",587,98,175,470,240,哥倫比亞,Colombia ,聖奧古斯丁 美景莊園, Huila San Agustin La Argentina Bella Vista,日曬慢速乾燥,Natural Shade Dry,Caturra,葡萄軟糖、蜂蜜水果茶與甜柑橘調、層次豐富、口感濃醇,,,,,
"喜糖 April, 2017",297,50,115,310,160,瓜地馬拉,Guatemala ,咕咕馬旦莊園,Cuchomatane,水洗,Washed,SHB,茉莉花香、水果調性、杏仁果、可可、醇度厚實,,,,,
"網拍 December, 2017",2800,467,520,1400,700,巴拿馬,Panama,極光莊園 藝伎,Finca Aurora ,日曬 ,Natural,Geisha 圓豆,茉莉花、藍莓、草莓、荔枝、杏桃、水蜜桃、藍莓、葡萄乾、佛手柑,,,,,
"網拍 December, 2017",1200,200,225,600,300,哥倫比亞,Colombia ,聖荷西莊園,Finca San Jose Estate,萊姆酒桶發酵,Rum Barrel fermented,,威士忌、萊姆酒、哈密瓜、櫻桃、黑李、核果、酒香巧克力,,,,,
"圓石 July, 2017",297,50,130,340,175,衣索比亞 耶加雪啡,Ethiopia Yirgacheffe,孔加 沃克尼許,Konga Worknesh Worji,水洗,Washed,   G1,檸檬、柑橘、茉莉花香、蜂蜜柚子茶,,,,,
"守成 July, 2017",482,81,160,420,215,肯亞 ,Kenya,麒麟雅嘉 吉拉加,Kirinyaga Kiaragana ,水洗,Washed,AA TOP,柑橘、白花香、杏桃、白葡萄、蔗糖，酸質溫潤,,,,,
"聯傑 November, 2017",227,38,100,270,140,巴西,Brazil,巴拉那州 加州莊園,Parana Fazenda California Obata,去果皮日曬, Pulped Natural,,橘皮、堅果糖、口感乾淨滑順、酸質平衡,,,,,
"豐潤 July, 2017",287,48,115,310,160,薩爾瓦多,Salvador,伯爾哈莊園 綠貓頭鷹,JJ Borja Nathan Ataco Estate,溫泉水洗,Washed,SHG, 桃子、腰果、李子、巧克力、濃郁、回甘,,,,,
"黑金 Sep, 2017",292,49,115,310,160,哥斯大黎加,Costa Rica,聖蘿蔓 蜂鳥,San Ramon Royal,水洗,Washed,SHB,輕柔橙橘調.微微香料氣息.奶油般厚實甜質,,,,,
"鳳展 August, 2017",512,86,165,440,225,衣索比亞 耶加雪啡,Ethiopia Yirgacheffe,聖杯 , Holy Grail,日曬,Natural,G1,可可、焦糖、雪莉桶、蘭姆酒、黃色花香,,,,,
"鳳展 August, 2017",542,91,175,460,235,衣索比亞 ,Ethiopia ,索羅門王,Guji King Solomon,日曬,Natural,G1,草莓、奶油蛋糕香，花香、日曬莓果香甜,,,,,
"黑金 Sep, 2017",247,42,105,280,145,巴紐,Papua New Guinea,西格里 天堂鳥,Sigri Estate,水洗,Washed,AA,巧克力、蔗糖、葡萄酒香、奶油、紅茶,,,,,
"黑金 August, 2017",282,47,115,310,160,衣索比亞 耶加雪啡,Ethiopia Yirgacheffe,沃卡,Worka Coop.,日曬,Natural,G1,草莓、漿果、甜度厚實、紅酒感、巧克力,,,,,
"圓石 December, 2017",472,79,155,410,210,巴拿馬,Panama,極光莊園 靈魂日曬,Finca Auromar Alma,日曬,Natural,,草莓，萊姆，黑巧克力、花香、酒香,,,,,
"聯傑 July, 2017",337,57,130,340,175,衣索比亞 耶加雪啡,Ethiopia Yirgacheffe,艾迪朵合作社,Idido Coop,日曬,Natural,G1,花香、甜香料、佛手柑、甜橙、蜂蜜、酸質明亮,,,,,
"鳳展 August, 2017",512,86,165,440,225,衣索比亞 ,Ethiopia,迷你蜜,Kaffa Mini-Me,水洗,Washed,   G1,梔子花香、萊姆、柑橘調、明亮清透、高甜度,,,,,
"網拍 December, 2017",302,51,115,310,160,厄瓜多,Ecuador,威爾卡班巴村 茱莉亞 ,Loja Vilcabamba Julia Rengel ,水洗,Washed,,根部植物、沒藥、杏仁、堅果、巧克力,,,,,
"聯傑 Feburary, 2018",3200,534,595,1600,805,巴拿馬,Panama,巫師莊園 藝伎 1850m, Boquete Las Brujas,日曬,Natural,Geisha,芒果乾、丁香、甜橙、百香果、甜瓜、果汁,,,,,
"聯傑 Feburary, 2018",2450,409,485,1300,655,巴拿馬,Panama,鄧肯莊園 藝伎 1700m,Boquete Duncan,白蜜處理,White Honey,Geisha,花香、檸檬、橙、杏、輕脆甜蜜酸,,,,,
"聯傑 Feburary, 2018",1600,267,335,900,455,巴拿馬,Panama,阿爾鐵里莊園 藝伎 ,Bouquete Altieri  Farm,水洗,Washed,Geisha,椪柑、葡萄柚、甜桃、養樂多、甜桃、甘蔗汁,,,,,
"聯傑 Feburary, 2018",850,142,215,580,295,瓜地馬拉,Guatemala ,美麗莊園 COE \#15  \small 帕卡馬拉,El Progreso San Agustín Acasaguastl án La Bella,水洗,Washed,Pacamara,焦糖、奶油、丁香、牛軋糖、李子蜜餞、脆梅酸,,,,,
"聯傑 Feburary, 2018",780,130,200,540,275,宏都拉斯,Honduras,情聖莊園 COE \#17 ,SB Don Juan ,水洗,Washed,Pacas,柑橘，黑莓，蜂蜜，巧克力，柳橙汁，酒石酸,,,,,
"百變 Feburary, 2018",522,87,165,440,225,尚比亞,Zambia ,牧納尼丘 茉布玉莊園, Munali Hill Mubuyu Estate, 蜜處理,	Pulp Natural, SL28, Taste of Harvest \#2 蔓越莓、柑橘、小紅莓、萊姆、焦糖
"聯傑 July, 2017",327,55,130,340,175,衣索比亞 耶加雪啡,Ethiopia Yirgacheffe,金蕾娜安芭雅 席林加,Gelena Abaya Silinga ,水洗,Washed,   G1,白花、荔枝、紅糖、甜檸檬、桃子、咖啡漿果,,,,,
"守成 July, 2017",422,71,145,380,195,哥斯大黎加,Costa Rica,拉斯拉哈斯莊園 黑蜜 ,Finca Las Lajas,黑蜜,Black Honey,SHB,黑糖、焦糖、熱帶水果、口感厚實持久,,,,,
"聯傑 August, 2017",412,69,145,380,195,衣索比亞 ,Ethiopia ,古吉 安娜索拉 ,Guji Ana Sora Lot3,日曬,Natural,G1,葡萄、綜合莓果、柑橘、花卉、楓糖香,,,,,
"聯傑 August, 2017",212,36,100,270,140,宏都拉斯,Honduras,聖文森 雨林認證,San Vicente RFA,水洗,Washed,SHG,紅糖、杏仁、烤麵包、巧克力、平衡甜美,,,,,
"豐潤 August, 2017",412,69,145,380,195,衣索比亞 ,Ethiopia ,古吉 亞狼白蜜,Guji Shakisoo Honey,白蜜,Honey,G1,果乾、水蜜桃、蜂蜜、花香,,,,,
"Ergos Sep, 2017",432,72,145,380,195,瓜地馬拉,Guatemala ,科班 瓦爾瑪 ,Coban Valmar,半發酵浸潤,Mixed Washed,SHB,柑橘、檸檬、水蜜桃、黑醋栗、淡雅花香,,,,,
"圓石 Oct, 2017",262,44,115,300,155,烏干達,Uganda,可西西  雅格蘭夷,Kasese  Kyagalanyi ,日曬,Natural,SL14\&28,莓果、柑橘、橙香，香蕉乾、香料、堅果、酒香,,,,,
"圓石 Oct, 2017",262,44,110,290,150,哥倫比亞,Colombia ,薇拉 歐索利歐,Huila Ferney Osorio,水洗,Washed,,柑橘、葡萄柚、萊姆、紅莓、牛奶糖,,,,,
"圓石 December, 2017",412,69,145,380,195,尼加拉瓜 ,Nicaragua,米耶瑞詡家族  象豆,Mierisch Family ,水洗,Washed,Maragogype,柑橘類水果、香氣、柳橙、萊姆、橘皮,,,,,
"喜糖 November, 2017",312,52,120,320,165,瓜地馬拉,Guatemala ,太陽神莊園,New Oriente Kinch Ahau ,水洗,Washed,SHB,乾淨溫帶水果調，桃子、堅果、蜂蜜甜,,,,,
"圓石 December, 2017",432,72,145,390,200,衣索比亞 ,Ethiopia ,古吉 蘇魁克托 波納莎蒂,Guji Suke Quto/Tade  BunaSadi,蜜處理,Honey,G1,雞蛋花、檸檬、柑橘、橙皮、佛手柑，藍莓、桃子,,,,,
"喜糖 November, 2017",352,59,130,350,180,衣索比亞 耶加雪啡,Ethiopia Yirgacheffe,科契爾,Kochere Lot 096/183,水洗,Washed,G1,檸檬、花香、杏桃、紅茶、金桔、香橙、咖啡花,,,,,
"黑金 August, 2017",352,59,130,350,180,衣索比亞 ,Ethiopia ,古吉 獅子王,Sidamo Guji Lion King,日曬,Natural,G1,蜂蜜、哈蜜瓜、草莓、水蜜桃、香甜濃郁,,,,,
"聯傑 March, 2017",1230,205,275,700,360,哥倫比亞,Colombia,藍寶石莊園\#1批次,El Zafiro WushWush,蜜處理,Honey,Lot\#1,甜香料、柑橘、焦糖、杏仁、蜂蜜、柔滑綿密,,,,,
"小團 January, 2018",392,66,140,370,190,哥斯大黎加,Costa Rica,卡內特 貝多芬,Canet Musician Series Beethoven,水洗,Washed,SHB,深色莓果、蜂蜜、櫻桃、熟果香、酸甜細緻,,,,,
"圓石 Oct, 2017",382,64,140,370,190,肯亞 ,Kenya,馬洽寇斯 坎布蘇,Machakos Matungulu Kambusu ,水洗,Washed,AA,焦糖、煙燻、烏梅、龍眼乾、牛奶糖、烤杏仁,,,,,
"萬友 November, 2017",322,54,120,320,165,巴拿馬,Panama,波奎特 神鷹,Boquete Eagle,水洗,Washed,,橙色水果、香草、堅果香、蔗香,,,,,
"萬友 November, 2017",422,71,145,380,195,巴拿馬,Panama,紫玫瑰 (40\%藝伎),Boquete Violet Rose,水洗,Washed, Geisha + Caturra,櫻桃甜、青蘋果、焦糖、柑橘、莓果、花香,,,,,
"黑金 November, 2017",522,87,165,440,225,巴拿馬,Panama,花蝴蝶 (70\%藝伎),Boquete Butterfly ,水洗,Washed, Geisha + Caturra,佛手柑、蜂蜜、柑橘、香料、花香、莓果、櫻桃,,,,,
"百變 June, 2018",537,90,165,450,230,馬拉威,Malawi,穆珠珠合作社 烏祖瑪拉山  藝伎,Mzuzu Geisha  Uzumala #7,水洗,Washed,Geisha AA,柑橘、花香、紅茶、葡萄柚汁、西洋梨,,,,,
"百變 June, 2018",787,132,235,590,300,秘魯,Peru,帕斯可 薇拉瑞卡莊園 藝伎, Pasco Ocapampa Villa Rica Geisha ,水洗,Washed,Geisha,雞蛋花、藍莓、伯爵紅茶、檸檬皮、水蜜桃,,,,,
"圓石 December, 2017",467,78,155,410,210,肯亞 ,Kenya,可立秋鎮  寶馬合作社,Rift Valley Kericho Boma FCS,水洗,Washed,AA,蔓越莓、柑橘、香吉士、葡萄柚、黑莓、檸檬草、鼠尾草,,,,,
"百變 April, 2018",1600,267,335,900,455,巴拿馬,Panama,90+ 巴魯火山藝伎, NinetyPlus Baru Gesha,日曬,Natural,Geisha,酒香、桃子、莓果、花香、蜂蜜、哈密瓜,,,,,
"圓石 December, 2017",357,60,130,340,175,瓜地馬拉,Guatemala ,安提瓜火山  花神  貝拉卡摩娜,Antigua Bella Carmona,水洗,Washed,,溫帶水果、蘋果清香、堅果、奶油、焦糖、甜檸檬、甜感圓潤,,,,,
"二巷 April, 2018",207,35,100,260,135,哥倫比亞,Colombia ,波帕楊 1600m,Popayan 1600m,水洗,Washed,Supremo,白葡萄、杏仁、香料、楓糖、巧克力，厚實度佳,,,,,
"圓石 December, 2017",372,62,135,360,185,衣索比亞 耶加雪啡,Ethiopia Yirgacheffe,波雅啡 莓果園,Boyefi,日曬,Natural,G1,水果酒香，草莓、藍莓、百香果、芒果、杏桃、葡萄汁,,,,,
"圓石 December, 2017",247,42,105,280,145,哥斯大黎加,Costa Rica,塔拉珠 牧童莊園 #152 ,Tarrazu La Pastora,水洗,Washed,SHB,橘子、柳橙、香吉士，烤杏仁片、柚子，焦糖,,,,,
"小團 Feburary, 2018",622,104,185,490,250,巴拿馬,Panama,艾利達  小毛驢莊園 Lot3,Boquete Elida El Burro Estate,日曬,Natural,1800M,水果、蜜餞、焦糖、酸甜多汁、甜膩滑順,,,,,
"團購   April, 2018",377,63,115,360,185,衣索比亞 ,Ethiopia ,罕貝拉 丁丁洛 果耶,Guji Hambela Tirtiro Goye ,日曬,Natural,G1,藍莓、芒果、百香果、草莓、李子,,,,,
"小團 Feburary, 2018",622,104,185,490,250,薩爾瓦多,Salvador,聖安娜 天意莊園, La Divina Providencia ,水洗,Washed,SL28,脆梅、青蘋果、西洋梨、西瓜、桑葚、蜂蜜,,,,,
"百變 April, 2018",507,85,160,430,220,巴拿馬,Panama,瑪瑪卡特莊園 \#4567,Garrrido Family Mama Cata,水洗,Washed,古優提比卡老欉,橘子果汁、太妃糖、花、紅茶、甜感佳,,,,,
"宸嶧  April, 2018",317,53,100,320,165,剛果,Congo,姆藤德蘿村,Mutendero village,濕刨法發酵,Wet-Hulling,Bourbon,焦糖，瓜果，蘋果酸質，滑順清甜,,,,,
"小團 May, 2018",472,79,145,410,210,肯亞 ,Kenya,穆蘭卡 加圖布,Muranga Gatubu,水洗,Washed,AA,葡萄柚、烏梅、蜜餞、蕃茄,,,,,
"百變 April, 2018",392,66,140,370,190,巴拿馬,Panama,哈特曼莊園 長尾鵑, Santa Clara Finca Hartmann Red Tragon,酒香日曬,Winey,,草莓、桃子、檸檬、柑橘、櫻桃酒,,,,,
"圓石 December, 2017",342,57,125,330,170,薩爾瓦多,Salvador,庇里牛斯莊園  聖羅莎, Los Pirineos Santa Rosa ,水洗,Washed,Bourbon,柳橙、焦糖、柚子、花香、蜂蜜、桃子、紅茶,,,,,
"圓石 December, 2017",357,60,130,350,180,衣索比亞 耶加雪啡,Ethiopia Yirgacheffe,班可 福法特   貝內費加,Banko Fufuate Beyene Figa,水洗,Washed,G1,檸檬、優酪乳、柑橘、佛手柑、荔枝、橙花、伯爵茶,,,,,
"聯傑 Feburary, 2018",382,64,140,370,190,衣索比亞 耶加雪啡,Ethiopia Yirgacheffe,果波塔 山繆,Gorbota Samuel,日曬,Natural,G1 紅櫻桃,熱帶水果、紅蘋果、百香果、水果軟糖、可可,,,,,
"團購   April, 2018",387,65,120,370,190,衣索比亞 ,Ethiopia ,罕貝拉 瓦美娜,Guji Hambela Wamena,日曬,Natural,G1,草莓、甜果醬、玫瑰、香氣濃郁,,,,,
"聯傑 August, 2018",3550,592,755,1700,855,巴拿馬,Panama, 艾利達莊園 藝伎,Bouquete Elida,日曬,Natural,Geisha,草莓，花香，百香果，哈密瓜，芒果,,,,,
"聯傑 August, 2018",1400,234,370,900,455,巴拿馬,Panama,神曲莊園 藝伎 ,Volcan Los Cantares Lavado ,水洗,Washed,Geisha,茉莉花、荔枝、蜂蜜檸檬水、多汁細緻,,,,,
"聯傑 August, 2018",1162,194,315,770,390,厄瓜多,Ecuador,貢薩納馬 荷西小農  金盃\#2,Loja Gonzanamá Jose Jimenez Taza Dorada \#2,水洗,Washed,,甜花香、柑橘、楊桃湯、甘草、深色水果,,,,,
"聯傑 August, 2018",762,127,230,580,295,瓜地馬拉,Guatemala ,聖奧古斯丁 暴風莊園 COE\#28,San Agustín Acasaguastlán La Tormenta ,水洗,Washed,,無花果，太妃糖蘋果，蜂蜜堅果，焦糖,,,,,
"小團 August, 2018",567,95,185,470,240,蒲隆地  ,Burundi,柯米羅 布騰堡  COE\#16,Gitega Sogestal Kirimiro Butemba ,水洗,Washed,Bourbon,白桃，蜂蜜，檸檬草，黑醋栗，蘋果,,,,,
"小團 May, 2018",522,87,160,440,225,肯亞 ,Kenya,麒麟雅加 奇恩雅,Kirinyaga Kiunya,水洗,Washed,AA Top,深色莓果、紫葡萄、柑橘、芒果,,,,,
"百變 June, 2018",397,67,125,370,190,秘魯,Peru,亞馬遜 聖尼可拉斯農協, Amazonas Rodriguez de Mendoza San Nicolas,水洗,Washed,象豆/Caturra,柑橘、柚子、紅茶、無花果乾、蔓越莓,,,,,
"百變 June, 2018",367,62,115,360,185,衣索比亞,Ethiopia ,西達摩 桃可可,Sidamo Twakok \#191,日曬,Natural,G1,桃子、白花、草莓、芒果、佛手柑,,,,,
"聯傑 Feburary, 2018",392,66,140,370,190,衣索比亞 耶加雪啡,Ethiopia Yirgacheffe,沃卡 薩卡羅 蜜珍 ,Worka Sakaro Mijane,水洗,Washed,G1 紅櫻桃,薑糖，咖啡花，伯爵紅茶，佛手柑，養樂多，蜂蜜,,,,,
"圓石 April, 2018",352,59,130,350,180,衣索比亞 耶加雪啡,Ethiopia Yirgacheffe,孔加處理廠, Konga,日曬,Natural,G1,莓果、芒果、百香果、紫羅蘭、水蜜桃、蜂蜜,,,,,
"宸嶧  April, 2018",277,47,90,300,155,巴西,Brazil,喜拉朵 依薩,Cerado Isa Farm,半水洗,Semi-washed,Red Catuai,哈密瓜香，咖啡果肉酸甜，乾淨甜感,,,,,
"聯傑 Feburary, 2018",332,56,125,330,170,瓜地馬拉,Guatemala ,睡美人莊園, El Quiché Finca La Perla,水洗,Washed,,玫瑰桃、甜桃、酸質活潑、果汁感、餘韻甜,,,,,
"聯傑 Feburary, 2018",382,64,135,360,185,宏都拉斯,Honduras,水晶莊園 聖文森, SB Cristal Farm Jose,水洗,Washed,Pacas,荔枝、荳蔻、開心果仁、馬黛茶,,,
"小團 April, 2018",487,82,160,430,220,衣索比亞 耶加雪啡,Ethiopia Yirgacheffe,安芭雅 席林加,Lake Abaya Cilinga,水洗,Washed,Q1,野薑花、黑櫻桃、葡萄、甜感,,,,,
"圓石 April, 2018",422,71,145,390,200,衣索比亞 耶加雪啡,Ethiopia Yirgacheffe,沃卡 小農孟格夏,YCFCU Worka Coop Tariku Mengensha,日曬,Natural,G1,桃子、藍莓、花香、哈密瓜、百香果、芒果,,,,,
"圓石 April, 2018",282,47,115,320,160,衣索比亞 ,Ethiopia ,海爾賽拉希 凱貝朵,Haile Selassie Kebado,水洗,Washed,G1,柑橘、花香、葡萄柚、蔓越莓、檸檬皮、紅茶,,,,,
"圓石 April, 2018",392,66,140,370,190,尼加拉瓜 ,Nicaragua,米耶瑞詡 足跡莊園, Mierisch La Huella Red Catuai,日曬放奇,Natural Funky,,百香果、熱帶水果、櫻桃、小紅莓、可可,,,,,
"二巷 April, 2018",167,28,90,240,125,巴西,Brazil,聖多斯 sc17/18 ,Santos sc17/18,去果皮日曬,Pulped Natural,,甜感高、乾淨、柔順、酸值低,,,,,
"團購   April, 2018",387,65,120,360,185,巴拿馬,Panama,瑪瑪卡特莊園 \#23,Garrrido Family Mama Cata,水洗,Washed,Typica/Catuai ,橘子、紅茶、檸檬紅茶、葡萄柚、花香,,,,,
"團購   April, 2018",392,66,120,370,190,巴拿馬,Panama,情聖莊園,Finca La Valentina,水洗,Washed,Typica,柳橙、烤杏仁片、柑橘、奇異果、萊姆,,,,,
"團購   April, 2018",327,55,105,340,175,衣索比亞 耶加雪啡,Ethiopia Yirgacheffe,丘壩村 紅櫻桃,Chelba  OCR,水洗,Washed,G1,雞蛋花香、黃萊姆、香橙、水蜜桃,,,,,
"小團 May, 2018",522,87,160,440,225,巴拿馬,Panama,波魁特  柏林娜莊園 ,Boquete Berlina Estate,日曬,Natural,Typica SHB,草莓、石榴、酒香、糖漿,,,,,
"百變 June, 2018",377,63,115,360,185,衣索比亞,Ethiopia ,古吉 塔莎亞 紫風鈴,Guji Shakisso Dasaya,日曬,Natural,G1,桃子、草莓、藍莓、紫蘿蘭、葡萄、佛手柑,,,,,
"百變 June, 2018",297,50,95,320,165,衣索比亞 耶加雪啡,Ethiopia Yirgacheffe,春雷,YCFCU  Haru ,日曬,Natural,G1,花香、莓果、桃子、草莓、葡萄,,,,,
"聯傑 August, 2018",462,77,160,400,205,哥斯大黎加,Costa Rica,蒙塔那 聖母莊園,La Montana Finca Guadalupe,日曬,Natural,,熱帶水果、香蕉巧克力、萊姆酒葡萄,,,,,
"聯傑 August, 2018",362,61,135,350,180,厄瓜多,Ecuador,卡爾奇省 角雕莊園,Carchi Finca Irawa Wam Cristian Reyes ,黃蜜,Yellow Honey,Castillo,柑橘、太妃糖、腰果、蜜李、甜棗,,,,,
"聯傑 August, 2018",217,37,105,270,140,巴紐,Papua New Guinea,東部高地 聖母山,Eastern Highland Virgin Mountain,水洗,Washed,PB,橘皮、開心果、焦糖、奶油麵包、甘蔗,,,,,
"聯傑 August, 2018",457,77,160,400,205,巴拿馬,Panama, 蕾莉達莊園 帕卡馬拉,Bouquete Finca Lerida ,黑蜜,Black Honey,Pacamara,熟果，黑糖，葡萄乾、焦糖、雪莉酒,,,,,
"小團 August, 2018",447,75,160,400,205,尼加拉瓜 ,Nicaragua,奇蹟莊園 爪哇尼卡,Fincas Mierisch Milagros ,蜜處理,Honey,Javanica,檸檬、櫻桃、無花果、奶油、雪笳,,,,,
"小團 August, 2018",707,118,220,550,280,尼加拉瓜 ,Nicaragua,檸檬樹莊園 黃帕卡馬拉,Fincas Mierisch Limoncillo,蜜處理,Honey,Yello Pacamara,黃檸檬、白葡萄、果汁、奶油核果、楓糖,,,,,
"小團 August, 2018",387,65,145,370,190,宏都拉斯,Honduras,桂冠莊園 Lempira,Maria Bautistina Vallecillo,日曬,Natural,Lempira,綜合莓果、芒果乾、桑葚、甜瓜,,,,,
"悅杭 August, 2018",402,67,150,380,195,衣索比亞 ,Ethiopia ,莉姆 天籟 \#3,Limu, AFCA\#3",日曬 ,Natural,G1,蜂蜜、酒香，焦糖、紅糖、烏梅,,,,,
"悅杭 August, 2018",457,77,160,410,210,衣索比亞 耶加雪啡,Ethiopia Yirgacheffe,沃卡小農  阿利姆,Worka  Coop. Alemu Tukule ,日曬,Natural,   G1,芒果、藍莓、草莓、桃子、花香、葡萄,,,,,
"悅杭 August, 2018",442,74,155,400,205,衣索比亞 耶加雪啡,Ethiopia Yirgacheffe,沃卡小農  奇波蝶,Worka  Coop. Kebede Wako ,日曬,Natural,   G1,草莓、水蜜桃、芒果、藍莓、水蜜桃,,,,,
"悅杭 August, 2018",497,83,170,430,220,肯亞,Kenya,冽里  坦巴雅,Nyeri Rumukia Tambaya,水洗,Washed,AA TOP,柑橘、黑莓、櫻桃、李子、烏梅、杉木,,,,,
"圓石 Sepember, 2018",517,87,175,440,225,衣索比亞 耶加雪啡,Ethiopia Yirgacheffe,沃卡 巫里 WBC競賽批次(日),Worka Wuri Berg N\#5,日曬,Natural,WBC lot SSLD, 花香、莓果、桃子、葡萄、玫瑰、紫羅蘭,,,,,
"圓石 Sepember, 2018",477,80,165,420,215,衣索比亞 耶加雪啡,Ethiopia Yirgacheffe,沃卡 巫里 WBC競賽批次(水),Worka Wuri Berg W\#2,水洗,Washed,WBC lot,茉莉花、佛手柑、檸檬、蜂蜜、野薑花、荔枝,,,,,
"圓石 Sepember, 2018",342,57,130,340,175,衣索比亞 耶加雪啡,Ethiopia Yirgacheffe,科契爾  潔瑪,Kochere Jerma,日曬,Natural,G1,草莓、桃子、芒果、花香、橘子汁,,,,,
"圓石 Sepember, 2018",297,50,125,320,165,衣索比亞 耶加雪啡,Ethiopia Yirgacheffe,科契爾 潔蒂普 , Kochere Gedeb ,水洗,Washed,G1,檸檬紅茶、柑橘、柳橙、柚子、花香,,,,,
"小團 October, 2018",537,90,180,450,230,哥斯大黎加,Costa Rica,拉斯拉哈斯莊園 黑珍珠,Las Lajas Perla Negra,日曬,Natural,黑珍珠,莓果、石榴、桂圓、奶油、巧克力,,,,,
"小團 October, 2018",357,60,135,350,180,印尼 蘇門答臘,Indonesia Sumatra ,藍湖巴塔克曼特寧,Mandheling Lintong Batak,半水洗,Giling Basah,PB,藥草、杉木、奶油、焦糖、蔗甜,,,,,
"小團 October, 2018",637,107,200,500,255,肯亞,Kenya,安迪貝莊園,Mount Elgon Endebess Estate,日曬,Natural,SL28/34,黑莓、紫葡萄、紅肉李、莓果果醬、甜感厚實,,,,,
"小團 October, 2018",467,78,160,400,205,哥斯大黎加,Costa Rica,聖十字莊園,Tarrazu Finca La Cruz,肯亞式水洗,Washed,Caturra,甜橙、香草、柚子、花香、果味細緻,,,,,
"榮豆 October, 2018",247,42,110,290,150,瓜地馬拉,Guatemala ,薇薇特南果 \#18,Huehuetenango \#18,水洗,Washed,SHB,溫帶水果、甜桃、巧克力、柑橘茶,,,,,
"榮豆 October, 2018",997,167,285,700,355,巴拿馬,Panama,瑪瑪卡特莊園 藝伎58J,Garrrido Family Mama Cata 58J,水洗,Washed,Geisha,柑橘、花香、太妃糖、葡萄柚、蔓越莓,,,,,
"榮豆 October, 2018",897,150,260,650,330,哥斯大黎加,Costa Rica,三奇蹟莊園 藝伎,Finca Tres Milagros,日曬,Natural,Geisha,酒漬橘皮、熱帶水果、野莓、葡萄酒、口感厚實,,,,,
,,1175,47,85,1235,70,當季精選,,烘焙果乾 ,,,,,,,,,,